student_id,chronotype,day,time_of_day,phase_phys,phase_emo,phase_ment,alignment,readiness,grip_kg,jump_cm,reaction_ms,cooper_m,mood_1_5,attention_1_5,alignment_pos,match_chronotype
1,intermediate,2,morning,-0.9602426595138882,0.5464631012276219,0.1905644828358931,-0.07440502515012441,0.7213310917427771,45.06648284556865,55.92532066459613,284.0664487598941,2673.990833146387,3.2865908836855198,2.955283882243995,0,1
1,intermediate,6,evening,-0.193906107330263,0.9954848879022935,0.8153510956393614,0.5389766254037972,0.865230801502412,43.60725944247455,53.84866789659142,274.7998549044421,2580.654358394892,4.277243978255209,4.652168767422125,1,1
1,intermediate,10,morning,0.7818238183434925,0.6948862497955072,0.9896301990050433,0.8221134223813475,1.2275080396897253,47.37685649819492,54.914734788192796,280.46094271067597,2528.8596430112884,4.613042219579385,4.650105248071394,1,1
1,intermediate,15,evening,0.769525110198853,-0.34640459068384305,0.4570372236723859,0.2933859143957986,0.6767534099300426,43.46949166901348,56.66553573042192,282.2183261337192,2623.716841175413,2.3182019621252525,3.389568017590067,1,1
1,intermediate,19,morning,-0.21298660086801235,-0.9494042793291478,-0.28301570302107326,-0.4818021944060778,-0.1823110500359242,42.67340651343304,48.76233773930277,298.4262178741117,2456.9011365096517,2.0511626705244907,2.7428486800583753,0,1
1,intermediate,24,evening,-0.999952525593364,-0.6948862497955066,-0.945437452782975,-0.880092076057282,-0.13347315993686662,43.86570950031549,47.657373949080814,280.58445036825805,2577.0962724796505,2.326884656559717,1.7231083818833441,0,1
1,intermediate,28,morning,-0.4513915962193465,0.12897590750357601,-0.9090755309965548,-0.4104970732374418,0.26834062796693314,44.57905428623664,54.274321440403206,288.57574613057835,2640.3586549030524,3.7072984896371075,2.071545448164193,0,1
1,intermediate,33,evening,0.7818238183434912,0.9494042793291478,-0.1879376672917564,0.5144301434602943,1.2358798668528537,49.243763214718754,59.490686381769855,268.70573972802555,2629.6761859920302,4.479241464831676,2.4696263222274175,1,1
2,evening,2,morning,-0.6456797936519276,-0.021195304277340253,0.8021856640634427,0.04510352204472493,-0.5052214583261914,39.0489486990198,45.989773386559264,299.23178480038837,2525.398825512541,2.9203884559107327,4.205513595220468,1,0
2,evening,6,evening,-0.9750512023840349,-0.7948709034558454,0.1685403725925357,-0.5337939110824482,-0.0454398845279263,41.39184960182029,48.71639952664647,291.046591459956,2476.2331299309308,1.600873278551048,3.160356148179072,0,1
2,evening,10,morning,-0.2514941427773059,-0.9699924999205749,-0.5582288551831843,-0.5932384992936884,-1.110032024490533,40.693063524247655,44.237730716820366,293.23013525737395,2388.298993071044,1.4783104676222427,2.197684796501417,0,0
2,evening,15,evening,0.8964471745419283,-0.20180705183938852,-0.9996475958873979,-0.10166915772828604,0.9272833381698522,46.35922708214082,54.699204068964285,272.05932824908865,2496.5876190843846,2.9504122800419696,1.9074816035360753,0,1
2,evening,19,morning,0.8058908794372353,0.6399208937236648,-0.7417977496727404,0.23467134116271993,-0.17720811929034758,41.623033482920064,52.098104016460375,289.8373951013644,2434.9754978502606,3.6212231754570916,2.263468610251559,1,0
2,evening,24,evening,-0.4157171872404655,0.969992499920575,0.11598899928545149,0.22342143732185363,0.9258368937063625,48.753280423855315,55.19889423570576,272.0747373487458,2507.3535619974587,4.043751587121998,2.5657441228960076,1,1
2,evening,28,morning,-0.9987831657330495,0.41468995970402844,0.7693665087355106,0.061757767568829856,-0.5732157747376911,43.886131101180744,49.478550900393444,292.31509023450764,2475.0291620758376,3.400685848094512,4.688565471091941,1,0
2,evening,33,evening,-0.2514941427773044,-0.6399208937236647,0.9666336845378193,0.025072882678950064,1.0824593222696992,48.26664370082237,52.555910077226976,261.5877068248094,2555.715001536854,2.366870299602881,3.579703382528537,1,1
3,intermediate,2,morning,-0.7197313672392884,0.9912228161783024,-0.45309732814074377,-0.06053529306724326,0.033875015178849416,42.871108959029456,52.20732603922486,293.48157076576604,2456.701835067299,4.4919203952518085,2.7011307244298237,0,1
3,intermediate,6,evening,0.2852934380042686,0.5146577502343319,-0.9431005220366049,-0.04771644459933477,0.2717341495285327,47.72955361775426,51.10015852819747,275.27617386336266,2461.8550812899302,3.242410653146434,1.752914690949738,0,1
3,intermediate,10,morning,0.9822384398790558,-0.3494550987409722,-0.9120105701643593,-0.09307574300875854,0.3977762181750277,48.813160737140954,47.85541363642235,286.56539216774087,2446.402410856809,2.587073803912854,2.043929890465845,0,1
3,intermediate,15,evening,0.3835547268192137,-0.9957884694327965,-0.19490610454117324,-0.26904661571825206,0.0718603534336191,44.71815475938737,47.36106922753151,288.1362832573519,2456.867681955959,2.0394445763917646,2.5262232394829094,0,1
3,intermediate,19,morning,-0.6435179935584613,-0.6925426996419395,0.5357844289330916,-0.26675875475576977,-0.13427571192227597,44.95391489478518,48.994123508822874,280.62581947699556,2451.9780387785236,2.65966943707565,2.917886511220572,0,1
3,intermediate,24,evening,-0.8803489023976944,0.34945509874097164,0.998576583529111,0.15589425995746276,0.8061448820567001,46.58857479354368,53.835589440655305,271.05514105529613,2413.1925541125747,2.8916380135950064,4.062316934494922,1,1
3,intermediate,28,morning,0.016129906870450936,0.9504211307793976,0.7595104214584445,0.5753538197027643,0.8327490631628583,46.33245221873047,54.104597926554526,263.54980363621064,2501.7289200798045,3.704129493695427,3.7280228874926733,1,1
3,intermediate,33,evening,0.9822384398790559,0.6925426996419396,-0.0893184254356957,0.5284875713617666,1.0174884820546934,47.137264784028496,52.9819990149993,282.6754335813759,2487.2726816695226,4.174326940309076,2.782762289386238,1,1
4,intermediate,2,morning,0.9168254429570132,-0.9993673522141444,-0.004766119474731011,-0.029102676243954084,0.356258635859262,48.77071622225792,45.91021998727532,276.64859200044845,2570.125360752562,2.1207726950190366,3.2168807452795143,0,1
4,intermediate,6,evening,0.7763214676847376,-0.5952892288248377,-0.693520576450008,-0.17082944586336934,0.2252572020440124,46.214242237219416,49.88714734766949,293.9380277432737,2546.132710529681,2.631151792024956,2.2804257092931186,0,1
4,intermediate,10,morning,-0.2025087123132491,0.2570538255568715,-0.9990827751315098,-0.31484588729596247,-0.1552628545844896,43.91344004776663,49.08480582006773,285.7941360829751,2525.0692078117304,3.9632849563382995,2.411265382393945,0,1
4,intermediate,15,evening,-0.9999995320294005,0.9822251648739158,-0.6144055422004416,-0.21072663645197545,0.2588401441512618,48.020510207684985,49.550265782946795,267.8877796632854,2485.0223293451845,3.2660074850918823,2.360787301669552,0,1
4,intermediate,19,morning,-0.46092379848914605,0.7591622148997408,0.09979950177323309,0.13267930606127595,0.3740159702525363,49.19404859725709,51.596150407024595,281.057861801022,2583.807473516306,3.04915242707539,3.3120884387522906,1,1
4,intermediate,24,evening,0.775100387703947,-0.25705382555687045,0.86839862719494,0.4621483964473388,1.1386498552743465,47.52004880026164,57.052973171019175,276.3430306711865,2567.4508318634,3.228769729070218,4.8149457836411855,1,1
4,intermediate,28,morning,0.9175963015980478,-0.915830106351803,0.970676875222286,0.32414769015617695,0.587199484905183,47.90445756690525,51.089491433679015,273.45370889994285,2596.6449961635026,2.0733678722621267,4.095901677773698,1,1
4,intermediate,33,evening,-0.20250871231324885,-0.7591622148997409,0.3672335218284598,-0.1981458017948433,0.23225441669336178,46.830816153227055,50.90081210227429,292.81212422826627,2508.3306813008435,2.2628540386991003,3.0284991285833534,0,1
5,morning,2,morning,-0.9999946379851468,0.6700344910463252,-0.48546083450738176,-0.27180699381540113,0.14430039054711108,45.34267909599199,52.22552903385003,279.8585456777698,2560.314646616488,4.195962194378805,2.826245366927032,0,1
5,morning,6,evening,-0.462970174790137,-0.16261726699409929,-0.9546519136769748,-0.5267464518204037,0.025127146501153108,43.13935158158552,47.626376173706696,274.4361852085081,2584.486171542907,2.8246485038831097,1.863334707325942,0,0
5,morning,10,morning,0.5740018561187014,-0.8728149062002447,-0.8963673344329575,-0.3983934615048336,0.21143804122560478,43.357045388191125,55.93874401318545,287.4639859188507,2526.3323493821595,2.548966864332872,2.442104591666738,0,1
5,morning,15,evening,0.9185110481884732,-0.8184192851414069,-0.15883270486359893,-0.01958031393884423,0.06834872352482302,43.287210005167594,51.27473017971988,303.2034842472586,2579.5482528976167,2.7151638685148693,2.5722509846901933,0,0
5,morning,19,morning,0.0715091652898222,-0.06101889502200097,0.5663661761228947,0.19228548213023866,0.4256557288525695,45.71346932949708,52.22977831666401,292.6131363592929,2449.0924394237913,3.738111250930486,3.712112438647031,1,1
5,morning,24,evening,-0.9620286066429627,0.8728149062002443,0.9998604150873175,0.303548904881533,0.19647374690652467,43.467265218972116,47.66270523862485,293.1951526665732,2523.63065035219,3.325111772135311,3.43766147482078,1,0
5,morning,28,morning,-0.68494278992703,0.9257651188581802,0.7351627129161808,0.3253283472824437,0.7088493377316673,49.53845643309703,53.015113833754896,268.4361372800313,2538.420134237981,4.03533386174541,3.015334620779746,1,1
5,morning,33,evening,0.5740018561186997,0.06101889502200198,-0.12575724167442345,0.16975450315542606,0.16920533621043038,44.529946343764976,52.228489258502755,301.72865768279377,2574.656898828392,2.9117323147722387,2.450460765380062,1,0
6,intermediate,2,morning,0.77725579482324,-0.5869407109990524,0.49622590713076936,0.22884699698498565,1.0993022480989523,49.81399411749833,57.11153969442815,272.0744882830396,2542.613194440055,2.5898813150229687,3.414475713105106,1,1
6,intermediate,6,evening,-0.20105560833097497,0.26704261030272797,-0.23998649120406537,-0.05799982974410412,0.3410854179202082,46.64316924043763,52.20574741744101,275.66332468064724,2492.537457975533,3.2336963742519247,3.393009754997051,0,1
6,intermediate,10,morning,-0.9622531068889398,0.9199373993700262,-0.8435986918703402,-0.29530479979641794,-0.6785167719150291,44.25115066430436,50.68675639552761,277.01419536082216,2408.905435496806,3.709347916395571,1.7595406442265311,0,1
6,intermediate,15,evening,-0.4622399154591599,0.7523844871383866,-0.926741486646091,-0.21219897165562143,0.14456675361222185,44.24036072033094,55.814544525015855,291.2097420589401,2539.0025814821665,3.966071569342994,1.8071048505958014,0,1
6,intermediate,19,morning,0.5746761478554867,-0.04590727004711361,-0.4114519245821237,0.03910565107541647,0.15406501939793138,46.678279393514394,49.91323934931327,289.31432316571096,2463.9784527716943,2.9392278696378638,2.9902609520699355,1,1
6,intermediate,24,evening,0.9181850512028281,-0.9199373993700257,0.5037646207904296,0.167337424207744,0.7916695096584796,47.95318626398609,57.86417702512839,267.31057522040607,2545.0477724424477,2.529843008118234,3.4952481322138134,1,1
6,intermediate,28,morning,0.07068755410889098,-0.8801005634085842,0.9607101200786133,0.050432370259640015,0.3769223887942055,44.95897666467966,55.31983585249233,279.4568302000327,2463.2300138174255,2.690192433053078,3.733248527458678,1,1
6,intermediate,33,evening,-0.9622531068889404,0.04590727004711349,0.7833551255749057,-0.04433023708897373,0.1379874625290337,43.544963563911075,53.489127085443954,273.55983158678833,2562.7697783666854,2.399342179156408,4.385480270792236,0,1
7,morning,2,morning,-0.9153330694225772,-0.8351205184048938,0.7486579234916049,-0.33393188811195534,0.25221566749989477,44.16796454517164,50.41321215261202,292.78605348102644,2531.8939225802114,2.7343676257077916,3.813592241740572,0,1
7,morning,6,evening,-0.06356348008483705,-0.0906294176438807,0.9993215845047644,0.2817095622586822,0.32111404639828334,44.04320941025,51.73365097327972,291.22859817056576,2452.4011408025262,2.4310814950611124,4.144044727639843,1,0
7,morning,10,morning,0.8568463996954694,0.7221074831061827,0.6978281679467755,0.7589273502494759,1.2257509747565138,47.931200437474686,56.407594728643794,280.69119452202386,2565.199792121383,3.8051682859795983,4.124269395511129,1,1
7,morning,15,evening,0.6791186657896459,0.9365837290918354,-0.17867236311882445,0.47901001058755227,0.216515815125039,44.78261393704951,47.91938385587996,298.25460789331333,2555.2635406796144,3.976238766368774,3.2268397207502533,1,0
7,morning,19,morning,-0.33929429980895415,0.3099623394620767,-0.8082859636972769,-0.2792059746813848,0.6650832339023978,47.486059576114435,49.88563969557914,274.40193803549425,2527.30678280082,3.4043361806852457,2.569961497432229,0,1
7,morning,24,evening,-0.9900365534774621,-0.7221074831061826,-0.9484661275824416,-0.8868700547220287,-0.9496190025381922,39.7858456795405,43.98311111133283,299.1228381827314,2391.3325226567576,1.6609106126490105,1.307229856793477,0,0
7,morning,28,morning,-0.33045756122855763,-0.9910827207690457,-0.46776599554248616,-0.5964354258466965,-0.2807601965063601,43.761593451863966,46.939373228534755,317.0477314529841,2526.4630009051234,2.193787566847056,2.299654753194329,0,1
7,morning,33,evening,0.8568463996954697,-0.3099623394620768,0.4486339702279927,0.3318393434871285,0.5037328789906634,44.455646319583636,53.004656012974486,307.05543433447104,2544.0636954046677,3.122831361730256,3.157210627457271,1,0
8,intermediate,2,morning,0.5244266888602921,-0.949027348456173,-0.947427575060539,-0.4573427448854733,-0.17035559302116637,44.71254864704737,49.87365247573131,305.7440610345115,2516.548211709091,1.9118091913608084,2.3314550676493053,0,1
8,intermediate,6,evening,-0.5147244617856875,-0.3452804867367075,-0.9064903699464703,-0.5888317728229552,0.2431900168660228,44.64324507646866,50.05486520096188,280.4648278452908,2493.5974197519736,2.586546329905061,2.3247443693440277,0,1
8,intermediate,10,morning,-0.9980401467254506,0.5184696239338591,-0.3646882968288969,-0.2814196065401628,0.04114760434716692,40.899343945002286,52.945498280160436,293.5911201643866,2521.840329174969,3.8604700335225424,2.979227404984061,0,1
8,intermediate,15,evening,-0.14178924467641066,0.995370456181741,0.5469358639218813,0.46683902514240394,1.0649501424352728,46.89232206823189,53.98219340155706,279.85774949811946,2565.6633434218593,4.230937711124668,3.285431983535306,1,1
8,intermediate,19,morning,0.8136825230048822,0.5454593780791478,0.9735526599112343,0.7775648536650882,0.6795442331965138,47.03567627846419,55.297975414681936,286.4976802349049,2533.5705233159015,3.8345975451942707,4.537866182111236,1,1
8,intermediate,24,evening,0.7346994977775738,-0.5184696239338583,0.7508161919066665,0.32234868858346066,0.6911026376707711,45.64636178177333,54.510327167356444,277.4310039827743,2517.3895026044015,2.8078287651063656,3.7048771617088208,1,1
8,intermediate,28,morning,-0.26432529356204026,-0.9918015329292952,0.08758631813730856,-0.3895135027846756,0.21337687888717216,42.249366627898205,52.672505662525815,283.1218344414426,2576.533457468505,2.159318741307283,3.423119224302197,0,1
8,intermediate,33,evening,-0.9980401467254506,-0.5454593780791479,-0.7606404337702037,-0.7680466528582675,-0.5326320808316838,41.007817141155925,51.09546574350113,296.2500623384657,2512.698044420954,2.1976216063361567,2.678281217814289,0,1
9,evening,2,morning,-0.8024441447665132,-0.8361667993346155,-0.335198293371581,-0.6579364124909032,-0.26741824033700035,41.82932438321928,47.63545701446272,309.21443060288664,2579.6410176081304,1.767067947347931,2.253875226234756,0,0
9,evening,6,evening,-0.8990017882588711,-0.09252626575980713,-0.892750700347095,-0.6280929181219245,0.14427022147514112,42.003660304575924,48.74760047335657,284.61396711018284,2486.9738397751166,2.916158774794223,2.2900716506388195,0,1
9,evening,10,morning,-0.024754438504868553,0.7207884331239942,-0.9570298453950846,-0.08699861692531967,0.059326367970731486,42.18302959600152,52.12882989575609,291.9545087324482,2517.7939013374366,3.75879682699231,1.6196208465200232,0,0
9,evening,15,evening,0.9737476196854745,0.9372495735124093,-0.31891335071986104,0.530694614159341,1.3532275892894197,49.105843854704034,57.61459373341266,280.4529539816906,2720.6661670947246,3.9795240059210104,2.886337434349292,1,1
9,evening,19,morning,0.6500968524008296,0.3117728125593608,0.42323731280886456,0.46170232592301835,0.00974696172452541,42.6490273533845,48.63751381295886,303.77350461006716,2588.317534844779,3.119345026268013,3.128099828718404,1,0
9,evening,24,evening,-0.6116922575142798,-0.7207884331239935,0.9835229042088722,-0.1163192621431337,0.7931665531677806,45.787586831476446,55.095249660299196,286.4837214306981,2488.51029218202,3.0580214520109874,4.6788320207284775,0,1
9,evening,28,morning,-0.983820498412589,-0.9913347404608993,0.8365639459478583,-0.37953043097520994,-0.7447745604987854,39.88260460332766,46.711411237905146,305.9912849477826,2504.9482447455293,2.59751119286085,3.477116892437592,0,0
9,evening,33,evening,-0.024754438504869688,-0.3117728125593609,0.03897354461874485,-0.09918456881516191,0.49115957693174084,43.33891465093195,50.85749106372413,288.2194051957298,2635.9049725336085,2.7084851433893666,3.2836466025859363,0,1
10,intermediate,2,morning,-0.5648200564956141,-0.13159521938155652,0.9300115512763696,0.07786542513306634,0.31597315860157166,47.44852495955561,56.52417528730056,275.5769948497573,2516.378741354311,3.3703802370706946,4.199032045057861,1,1
10,intermediate,6,evening,-0.9925493582128955,0.6929840349815679,0.41945607587764694,0.039963584215439794,1.0276440572279042,49.38851092187776,54.31008074711086,276.00913289514233,2638.986146426947,4.022843470167121,3.6670454544420688,1,1
10,intermediate,10,morning,-0.3484544593768791,0.9957321767054031,-0.32286227207109724,0.10813848175247559,0.6139933059745165,48.611959024543765,55.72472915449309,281.4373823653616,2550.376018306756,4.079950293812269,3.2641436379396804,1,1
10,intermediate,15,evening,0.8468255342273373,0.34888164089713425,-0.9582306098565359,0.07915885508931186,0.3970090518335717,46.54308858562083,51.088812277058594,279.08147289781436,2609.6354602045067,3.504625807141181,2.2775928995105637,1,1
10,intermediate,19,morning,0.8618350149708985,-0.5151823590800767,-0.8908644117474613,-0.18140391861887983,-0.25322756200197166,44.50851251601014,49.915275194817745,303.9603914668061,2491.3097584963593,2.658617315924646,2.3310851431403856,0,1
10,intermediate,24,evening,-0.32123489810099864,-0.9957321767054031,-0.1467152073371582,-0.48789409404785333,0.48525863529780056,46.20013365758797,52.87478087057514,282.6556913904974,2560.3382982398134,1.9012210476580962,2.889519582696609,0,1
10,intermediate,28,morning,-0.9886158442977985,-0.548673680135267,0.5764287214336278,-0.32028693433314587,0.23014969656511175,43.782868252121055,51.30713247366476,275.25286005804395,2595.4536372042767,1.976992190903995,3.3270771224452655,0,1
10,intermediate,33,evening,-0.3484544593768802,0.5151823590800766,0.9999901118653743,0.38890600385619023,0.9743183722367014,50.64760194777551,54.63053598158299,267.4822062559527,2674.4092797703593,3.173531059183241,3.347080817018665,1,1
11,intermediate,2,morning,0.9999344590405334,0.007076213595817886,-0.7344229847898981,0.09086256261548438,0.4417799188672691,44.83015084589328,51.505114270863125,289.4107661542853,2529.7325861457616,2.936199840263027,2.018171542938924,1,1
11,intermediate,6,evening,0.4702002058063517,0.786223854990476,-0.06317578331693825,0.3977494258266298,1.1060888153140032,49.21576953514712,56.670772659799454,290.54530378691095,2503.896845927698,3.392992487415759,2.920298798304309,1,1
11,intermediate,10,morning,-0.5672891081895437,0.9733288975334261,0.6429780552490613,0.34967261486431456,0.5533088492890087,46.394357078093186,53.62275244152059,285.22201058294394,2461.657315072984,4.586215403665018,3.7548291217460505,1,1
11,intermediate,15,evening,-0.921712446264622,0.2156165646164665,0.9968350408294895,0.09691305306044466,0.8965457056514321,47.916383349125404,56.73491527735293,282.84486337633814,2567.2139256651176,3.5480817900265933,4.491428838211025,1,1
11,intermediate,19,morning,-0.07966016426162395,-0.6290065982894789,0.6665836811086796,-0.014027693814141077,0.28650536799264054,46.02563961530645,52.59173576217695,297.1281469099818,2474.4064623017607,3.1600149049140125,3.681661722128049,0,1
11,intermediate,24,evening,0.9597652968941643,-0.9733288975334261,-0.22055305192464708,-0.07803888418796961,0.1020712287013153,44.41655404412457,50.48693313934502,294.5455672497917,2464.5288300821253,2.044428125338353,2.216751332180491,0,1
11,intermediate,28,morning,0.6908756858637639,-0.42749742794251483,-0.832707552794247,-0.18977643162433266,-0.033875368274168594,40.044792043913006,48.00149782244592,295.5350952707421,2528.2932411612574,2.8072295319891745,1.9551886229026534,0,1
11,intermediate,33,evening,-0.5672891081895444,0.6290065982894802,-0.9340590969988184,-0.29078053563296086,0.2563696788948402,44.836187413896624,50.303799326877325,297.9960238696968,2550.2860505876397,3.501534316930262,2.1815226956592615,0,1
12,intermediate,2,morning,-0.10631238955417666,0.6401695462206837,0.87829087200686,0.470716009557789,0.7257401105888983,45.226033444803576,53.700469000457005,282.00862428992485,2497.1500253136396,3.718982291955868,4.6608668720708435,1,1
12,intermediate,6,evening,0.8339427633290337,-0.20149007558006607,0.9655942020178364,0.5326822965889347,1.1696247822467938,49.2074059493974,57.55941268649999,293.33272570670044,2620.095790253498,3.0993342504266823,3.902411598595782,1,1
12,intermediate,10,morning,0.8736482073073637,-0.8914235608205169,0.5193759099875627,0.16720018549146984,0.5750359953457204,48.276047364599926,55.23168962933777,294.3543220702811,2590.6664146597614,2.160546526862777,4.078686297608261,1,1
12,intermediate,15,evening,-0.29863233772113107,-0.7950672300414534,-0.39482493999589585,-0.49617483591949346,0.13284254884555577,49.02993680940454,49.851960320602345,308.4669794401493,2521.5527112769173,2.007590740921787,2.4264450613088333,0,1
12,intermediate,19,morning,-0.9847597459744326,-0.021518854628865602,-0.9197627355230754,-0.6420137787087912,-0.40789922788649213,44.39032731314133,49.57229804919225,296.4785703041033,2477.994935886813,3.6378235227355358,2.684249513951843,0,1
12,intermediate,24,evening,-0.3706378110495612,0.8914235608205169,-0.8532153070542857,-0.1108098524277767,0.539352050233509,47.60008872327076,53.50294611715778,294.6092987800152,2484.9081139271416,3.7789564609119615,1.7148588420656536,0,1
12,intermediate,28,morning,0.6541302998598043,0.9100969230363161,-0.2575841400760422,0.43554769427335943,0.7417987054973433,49.3236640366279,53.30874381544167,299.8636892413261,2486.9062583527752,3.5372203309412553,3.07739671870956,1,1
12,intermediate,33,evening,0.8736482073073628,0.021518854628864836,0.6376753368673391,0.5109474662678556,1.2516272952941088,52.918076023447654,55.90649116328637,289.783298724895,2576.8588334156625,3.212231654067048,4.136473021181297,1,1
13,morning,2,morning,0.9319246005590168,0.9327385985880496,0.5967901942311153,0.820484464459394,1.4015167376168098,50.1520791452002,59.43514958004972,272.27423776774225,2560.0687460031963,4.424141314770156,4.1561670793447805,1,1
13,morning,6,evening,0.1067524957833123,0.8634449516989827,-0.12180017434750846,0.28279909104492884,0.34968762339641274,47.48389319302686,49.87967657361985,273.65102373727586,2586.873585188417,3.9522002379506143,2.7455045541705836,1,0
13,morning,10,morning,-0.833698418558128,0.14395964511339535,-0.7730920582759636,-0.48761027724023204,0.25407542814587736,43.654088211847736,53.042393733987474,261.0850924179891,2504.3783554402603,2.791396134310836,1.9047955478772463,0,1
13,morning,15,evening,-0.7102907876226658,-0.8291222298960684,-0.9651178948624752,-0.8348436374604032,-0.4311525768697332,44.484438320762564,48.011730071626644,282.85017407736774,2505.238763570636,1.9302245637265067,1.3318935249196522,0,0
13,morning,19,morning,0.29820988113475716,-0.9540457281037414,-0.5178151673351301,-0.3912170047680381,0.3969714005705507,47.75785115774957,48.34617839804714,269.8631296913905,2606.1121503876125,2.5215713530159443,2.494573000925221,0,1
13,morning,24,evening,0.9952086715011614,-0.14395964511339504,0.3965013685915222,0.4159167983264295,0.31701069241417934,47.696190623039975,55.213034621706456,277.3030630948466,2547.7786007260684,3.2558105678070177,3.4652024768895786,1,0
13,morning,28,morning,0.37104887496642036,0.683930210484174,0.9204776218654699,0.6584855691053547,1.0278764757396435,50.72758155954045,54.47066505238397,265.4194121850099,2605.3099425478913,4.031263920199918,4.482399557435983,1,1
13,morning,33,evening,-0.8336984185581273,0.9540457281037416,0.8522618385699986,0.32420304937187094,0.3016035994075383,48.23496761331363,46.986101820487356,281.76308599069375,2542.676516581016,4.205205608555807,2.7506071871567688,1,0
14,evening,2,morning,0.36074404833931367,0.21124482074992534,0.924147748896432,0.49871220599522365,0.7209346615908832,47.99676244927291,52.18087206167713,268.78578100580245,2603.3779084604266,2.87103855336272,3.663027499561824,1,0
14,evening,6,evening,0.9940650626101523,0.8958970253022074,0.4052026690539538,0.7650549189887711,1.9470572655565905,52.82461370622348,56.52998519439008,269.35209902072825,2671.090663843871,4.28847041526887,3.9219352287083686,1,1
14,evening,10,morning,0.5539251127346068,0.9059204968330788,-0.3376298210456912,0.37407192950733154,0.6875186328661671,47.98605458105643,50.19962437800845,285.91125593556416,2626.010548131714,4.243010632948104,2.9319103176212917,1,0
14,evening,15,evening,-0.7024532127458195,0.011550872534722671,-0.9625877256877388,-0.5511633552996119,-0.0017982479522716255,47.7653625517847,44.058151094448945,288.19890705923683,2491.661446133741,3.0225983573838198,2.28338888389737,0,1
14,evening,19,morning,-0.9551086423328055,-0.7745774724836221,-0.8836483763254442,-0.8711114970472905,-0.9536610434799934,42.14064520257509,44.818950440965004,300.82845129576907,2460.055639138513,2.2789773345514774,2.259697683316537,0,0
14,evening,24,evening,0.09573671402690137,-0.9059204968330788,-0.13122163604375392,-0.3138018062833105,0.19067642056077239,46.98121403216001,48.71556070767334,281.0876192882881,2609.7090594110723,2.2380115555038516,3.0317117443906683,0,1
14,evening,28,morning,0.9278520026792467,-0.23376735683823643,0.5891423725801045,0.42774233947370494,0.09170014945536703,45.712577414335804,44.625783693734114,273.13543550767855,2614.7103956404158,2.521495608776284,3.211563514854498,1,0
14,evening,33,evening,0.5539251127346071,0.7745774724836231,0.9999372975107841,0.7761466275763381,0.9401844364177756,48.12470336927898,48.414575715521565,287.61015240597493,2636.385054164043,3.8891110926959596,5.0,1,1
15,intermediate,2,morning,-0.5338919327550822,0.6977484045457237,0.8468351283497192,0.3368972000467869,0.7986488517900069,46.09855058024361,47.20777770627714,299.2043189307194,2469.3555128777125,3.2531531626702757,4.321120426732158,1,1
15,intermediate,6,evening,-0.99637877462112,0.9950984533671007,0.24586109421582752,0.08152692432060273,1.2133123334733606,50.32086081000574,55.40772478454578,280.6588513031155,2606.3847230559086,4.285671691751939,3.444150060479707,1,1
15,intermediate,10,morning,-0.38290614432608777,0.5431190704938479,-0.49095904329021517,-0.11024870570748502,0.1768264408512325,44.004618319902164,47.589547903597065,286.09324666632455,2416.8769508497962,3.5213136823540556,2.27905536182374,0,1
15,intermediate,15,evening,0.8265608401093992,-0.520853102022788,-0.9944286257209077,-0.22957362921143218,0.04748640440576829,43.850989092699805,51.234781471792296,297.2372605666228,2415.239359191679,2.215990271616443,2.4654120638836288,0,1
15,intermediate,19,morning,0.8800156165005478,-0.992154168206635,-0.7924445145502406,-0.3015276887521093,-0.2669967682614758,41.986265450305076,47.97846523381598,285.91777015170214,2480.1641743201008,1.6496940187670242,2.0858629548962258,0,1
15,intermediate,24,evening,-0.2859663776328647,-0.5431190704938487,0.03718280387176549,-0.26396754808498263,0.3723746902591498,42.49121040908561,50.95616780429081,285.8349658969503,2540.8821842448983,2.6103725190526728,3.5317234095499397,0,1
15,intermediate,28,morning,-0.9823699551052838,0.3178400500712823,0.7165122691477546,0.017327454704584373,0.29690083489610275,43.93469727624305,49.94244405761933,291.2441387850114,2511.172258718543,3.4054613733968884,3.50436218791199,1,1
15,intermediate,33,evening,-0.382906144326088,0.9921541682066352,0.9838452962817927,0.5310311067207799,0.8422027666609649,44.65610540729083,55.92351219675296,270.40322548841164,2506.802111218354,3.9008055404529864,4.457993630600401,1,1
16,evening,2,morning,0.8792810189166206,-0.999182502199642,-0.8987845332951399,-0.33956200552605376,-0.6293432245464554,43.492176399404684,44.7476058321682,301.3132663311878,2420.317070715389,2.649669341083192,1.5735658717162284,0,0
16,evening,6,evening,-0.01837625676708177,-0.6545870563143686,-0.3479567727205443,-0.34030669526733154,0.5511791518161585,47.293318117242684,52.824797157372004,283.43274324602436,2526.4247309734624,2.524113655929557,2.7332961954013397,0,1
16,evening,10,morning,-0.8961895654424304,0.182925794118167,0.3951282128810445,-0.10604518614773965,-0.10447088833423829,47.03583713762997,47.603965191701356,281.82442116221813,2489.162661133547,3.93571792704104,2.9425157369592125,0,0
16,evening,15,evening,-0.6167267104356188,0.9651350983282841,0.9774874841711317,0.4419652906879324,1.587547962980156,53.00467926161519,56.071866534873,277.0304834165602,2676.5177257864,4.068516466356216,4.141075196924572,1,1
16,evening,19,morning,0.4151887271554699,0.8063980432622055,0.853043086651608,0.6915432856897611,0.22696872863362408,43.523676007075096,49.07759175642432,279.0140474611384,2515.167313982143,3.5637305937723887,3.9570268328201372,1,0
16,evening,24,evening,0.9751800018948912,-0.182925794118166,0.06973482627259456,0.2873296780164399,0.6496227986638892,47.23274773155715,54.1564751199255,267.78383561430155,2557.525213263376,3.5512498360642346,2.925585890508345,1,1
16,evening,28,morning,0.2520563985870383,-0.8826917905735439,-0.6379295907149786,-0.42285499423382805,-0.21242639810101938,43.91675911022489,46.769147501366305,293.6321584947905,2515.0157785911892,2.005322777208006,2.3875714674426,0,0
16,evening,33,evening,-0.8961895654424303,-0.8063980432622057,-0.9973360852171318,-0.8999745646405892,-0.2601455064463719,43.351395398848524,45.11314667734639,293.76113192540674,2439.0409043911422,1.9468139117654202,2.4650377652360578,0,1
17,morning,2,morning,-0.6969552904274144,0.8500637414835075,-0.6083863911546964,-0.1517593133662011,0.6362441481189862,47.25594200881217,53.4878235053286,286.1572265014656,2628.068374709428,3.969130493099263,3.418689792944506,0,1
17,morning,6,evening,-0.9573601988920318,0.9417809401459468,0.10736504070926917,0.030595260654394718,0.1558651944375482,44.7087926874607,52.652321337861565,295.5213687814595,2530.967260670556,4.004619461168677,3.3406529257127646,1,0
17,morning,10,morning,-0.18394062162371713,0.3243178820483487,0.7637938600823658,0.3013903735023325,0.5747539710251118,44.09942468873924,51.69258740299779,293.49030683945085,2508.555748776143,2.828791498360845,4.113834097710667,1,1
17,morning,15,evening,0.9249544998786375,-0.7115535827102065,0.968820306819584,0.3940737413293383,1.007916246554602,47.81981685388403,59.20779107575512,284.88306378617716,2584.769332957049,2.699500667005335,3.7885643080703995,1,0
17,morning,19,morning,0.7630047330208214,-0.9929860933618557,0.5301911994711752,0.10006994637671363,0.6569110302570179,46.90744906529755,54.439602538077814,296.37683030965985,2559.9055148039806,2.0718226940648483,3.8949715086867136,1,1
17,morning,24,evening,-0.477635098995406,-0.3243178820483484,-0.3831200512710768,-0.39502434410494375,-0.5501389051422086,41.638974350460316,49.722295775079374,311.612255264811,2519.9654181587953,2.4808471673642027,2.722902855344648,0,0
17,morning,28,morning,-0.9998021509066071,0.5373631561108089,-0.9147020096956844,-0.4590470014971609,0.43440958590688356,46.37161203813079,54.6839814633,280.615818986768,2502.0477328239745,3.4390840935264464,2.0257248200689864,0,1
17,morning,33,evening,-0.18394062162371821,0.9929860933618558,-0.8597729705477921,-0.016909166269884812,-0.03196107538925784,43.754388820764085,53.390808425846,296.1429665566502,2551.6462584912847,3.8111807793282466,1.4297182784021665,0,0
18,morning,2,morning,0.9215732376698519,-0.9780622075821179,0.9955456828382018,0.31301890430864526,0.5468831654230921,49.53130875862763,51.88748728957693,288.27798141072316,2601.674206309087,2.8402163325627483,4.1151917810214025,1,1
18,morning,6,evening,0.07930255045125313,-0.7726774963822668,0.7855712207753184,0.030732091614768236,0.4303404166657794,49.50427028298398,53.04999108923651,279.9698432475137,2503.0206154420566,2.07794799425096,3.6758794040136373,1,0
18,morning,10,morning,-0.8486045759387872,0.014549129341954199,0.1415435808234996,-0.23083728859111116,0.3323899355304661,48.89403620286968,54.10828696528871,295.5776405277557,2559.7447776704103,2.624128740872959,2.3642656389481322,0,1
18,morning,15,evening,-0.6906162755335467,0.907186136227759,-0.7242714899171347,-0.1692338764076408,0.1112694890429417,45.954667339066326,51.67927758957303,279.34501147884043,2408.9008222300918,3.855209314554367,2.463089802258213,0,0
18,morning,19,morning,0.32440916729834735,0.8945608749481746,-0.999999696466626,0.07299011525996531,0.42156350355228894,45.35959800650948,52.587789569400165,288.11681955642354,2443.6719065409475,4.091177793954051,2.3165388605474777,1,1
18,morning,24,evening,0.9921351344999596,-0.014549129341954075,-0.579422060868302,0.13272131476323454,0.29427205818718316,48.91636621588765,51.097683357316484,296.08245687090033,2502.053519606399,2.9171655891927357,2.09169275397188,1,0
18,morning,28,morning,0.34530886817609424,-0.7908199639235309,0.1430860093284652,-0.10080836213965716,0.298451911276431,47.42651100458306,52.71882838467899,300.15339446165217,2441.6357322965346,1.8932730345700657,3.813444514376484,0,1
18,morning,33,evening,-0.8486045759387866,-0.8945608749481738,0.8891922036860263,-0.2846577490669781,-0.2785228934482468,45.442206748734826,52.25965585569461,288.5384999593146,2566.9127868369683,2.246771942795294,3.444106665746334,0,0
19,evening,2,morning,0.951888019637076,-0.02436259000072028,-0.3800963506405902,0.1824763596652552,0.4535557770151055,46.83647304749802,53.46228235074063,285.2044815236759,2573.70465124044,3.4793454957533263,2.6238576444960637,1,0
19,evening,6,evening,0.710019339621846,0.7664095991331821,0.36319777436816203,0.6132089043743968,1.1435335463504113,51.19491472375292,54.07254971389433,290.63750562861327,2556.8430194847556,3.9458687675729447,3.7754787752963828,1,1
19,evening,10,morning,-0.29857787109113154,0.9800597282130786,0.9058135343890774,0.5290984638370082,-0.11059295492911675,44.03102944646015,51.55817576288976,284.3247714319835,2422.42311371975,4.128611757927423,4.288958174233321,1,0
19,evening,15,evening,-0.9951709004104398,0.24620665608997394,0.8705401495337678,0.040525301737767326,0.9962110992302573,51.40973824957235,53.17777804065885,264.9237916799074,2616.2435887011834,3.3208056374075596,3.907852169342455,1,1
19,evening,19,morning,-0.3706908161161179,-0.604257302781284,0.29045345253919763,-0.22816488878606808,-0.1232998644451968,46.2719678802628,50.00558894358372,307.05242733715625,2441.830336763875,2.612463005689457,3.112913234363437,0,0
19,evening,24,evening,0.8339112676358786,-0.9800597282130786,-0.6109793355507608,-0.2523759320426536,0.620009730877426,50.7035638870711,53.826032888612865,285.11906206647313,2572.2301908677296,2.1145000096554236,2.280682434822867,0,1
19,evening,28,morning,0.8736759739345493,-0.4557048923734103,-0.9884852066371439,-0.19017137502533496,-0.6823565360280599,40.25186129576636,50.410944301386834,287.6154217111685,2429.4001668086216,2.335929529395208,2.0609042457521554,0,0
19,evening,33,evening,-0.29857787109113165,0.6042573027812839,-0.6966372988793167,-0.13031928906305482,0.8666469429780748,50.68812032839452,52.877392559398984,276.516073178577,2547.5320542526933,3.617693891619998,3.096501595896696,0,1
20,morning,2,morning,0.8798877641872341,0.8592393320431484,-0.2619221327236034,0.49240165450225976,1.0659052269615965,51.9317285032991,57.60289536254526,292.73441749622043,2626.327808594537,3.6671447134049657,3.2518813600128595,1,1
20,morning,6,evening,-0.017101092729902564,0.9356914766447485,0.4764257069299953,0.4650053636149471,0.2856656038054951,46.915528308975325,53.54866274694012,302.6157666856801,2571.525932106789,3.989715492474395,4.064059975943813,1,0
20,morning,10,morning,-0.895622993931287,0.3075488547051315,0.9515331341906209,0.12115299832148847,0.6692259933614817,53.1452195610945,55.42475594847295,274.02067536629266,2631.1430576985717,3.6465453034400372,4.544139184196966,1,1
20,morning,15,evening,-0.6177301468587507,-0.7238605245003495,0.8024631467764076,-0.17970917486089757,0.036557080442681716,46.50433526217305,48.681795620037136,294.02661833627656,2512.989819157752,1.991429568059763,3.7743065211877105,0,0
20,morning,19,morning,0.414028145430424,-0.9907414185819194,0.1689985863408954,-0.13590489560353336,0.7951617200446716,50.33844509129114,52.53164916655544,290.15237006510205,2660.863694576619,2.054137238083429,3.264421250690225,0,1
20,morning,24,evening,0.9754615917835678,-0.3075488547051312,-0.7048305328375064,-0.012305931919689947,0.022596709954578315,45.47883028657294,52.35715110786306,294.89874365155976,2575.6548418342823,2.3088919889587403,2.1088503357571438,0,0
20,morning,28,morning,0.2532903797717048,0.5521843276807828,-0.9996351471576573,-0.06472014656838987,0.622347207545392,48.4959300184219,57.51327043059622,285.4722333844154,2601.897485781974,4.003956642097769,1.7844843170610307,0,1
20,morning,33,evening,-0.8956229939312873,0.9907414185819197,-0.6018474601947214,-0.16890967851469632,-0.5622209136584206,42.02842278988916,50.66167032896472,298.46927515663845,2647.4991265055633,3.5435077136392326,2.372257338389305,0,0
21,evening,2,morning,-0.09994422284629713,-0.25771635135367155,-0.8427026382814174,-0.4001210708271287,-0.224581475602447,44.9507512583032,55.14340883626511,308.2091932161647,2519.5181684773856,2.7554033947539707,2.293957680956909,0,0
21,evening,6,evening,0.8374587711662812,0.5947381811576707,-0.23836833281555106,0.39794287316946697,1.0003521567703868,45.61404813042239,57.13832093003458,282.4815828027461,2519.149657662819,4.098382831602594,3.439208185416523,1,1
21,evening,10,morning,0.8705152251560964,0.9993427328093113,0.49767208615147407,0.7891766813722939,0.48236073480802644,46.985675889289304,52.27173450677767,288.50968117225614,2474.890458781301,3.3828736479644976,3.5557196419030697,1,0
21,evening,15,evening,-0.3047363413454056,0.46625917863911454,0.995213014905648,0.38557861739978566,1.096583878563986,49.496447957593446,58.88785182293404,274.4947845267887,2640.289591753508,4.162668639429012,4.415099494849034,1,1
21,evening,19,morning,-0.9858530479402609,-0.4009379445034108,0.7877106100712372,-0.1996934607908115,-0.48634513942418833,39.455398415692336,48.967169811741506,310.3934162949139,2546.8385376542387,3.0193830466049527,3.3779342132016734,0,0
21,evening,24,evening,-0.364683929827109,-0.9993427328093112,-0.044898825711982074,-0.46964182944946736,0.07741799517322656,43.360939179534014,48.99352030574498,297.50361143558973,2479.0548811184194,1.996586215982895,2.4605524344809977,0,1
21,evening,28,morning,0.6589594553691553,-0.6514218237788139,-0.7218779023083518,-0.2381134235726701,-0.33590205457297395,40.69727835068954,48.123965116719106,276.90001261281265,2460.260062196049,2.8625743903616767,2.760316585942437,0,0
21,evening,33,evening,0.8705152251560965,0.40093794450341075,-0.9824334766659261,0.09633989766452707,0.7524318437515064,44.94634711293766,56.84301679191213,278.8310200256658,2542.025436339023,3.8578742167870694,2.7741384686595323,1,1
22,intermediate,2,morning,-0.9836136028980524,-0.9860551753274592,0.9760872847787364,-0.33119383114892503,-0.07311296715402074,44.74146991036678,49.40379256935472,285.049061327491,2458.7353246361386,2.241770120246272,4.198875026137823,0,1
22,intermediate,6,evening,-0.2924499053995975,-0.7449067424360893,0.5564189339370584,-0.1603125712995428,0.18492394816032526,48.3181610503289,51.907695117354436,288.3967228212502,2448.1809001926845,1.5330060693221275,3.8620991578798574,0,1
22,intermediate,10,morning,0.7145216493737776,0.057171660838035314,-0.17068864090596492,0.200334889768616,0.6145123750648627,47.37549056883044,54.731865888412,287.5401137948161,2433.1894969200207,3.0263865246136135,3.2844733279828557,1,1
22,intermediate,15,evening,0.8303540056982799,0.9243010638119423,-0.9016311888236289,0.28434129356219773,0.4723348084136657,47.66910853615292,51.173833011459465,288.8501707124658,2501.0040616504016,3.451877209932479,2.7814930921874033,1,1
22,intermediate,19,morning,-0.11274497213997024,0.8746893558600068,-0.9510043020896118,-0.06301997278985842,0.0096341302896151,44.16259026988521,51.97463162454791,299.86023778591596,2424.2330041289133,3.889902375883839,2.375275911398092,0,1
22,intermediate,24,evening,-0.995780049603998,-0.05717166083803607,-0.29978794029788963,-0.4509132169133079,0.2974545065938089,46.79391276353939,52.27853943344034,280.5965727096461,2496.600511808403,2.538022885976813,1.6724442194347944,0,1
22,intermediate,28,morning,-0.5396065536555178,-0.8161986374117715,0.4413726878041276,-0.3048108344210539,0.08481020006046844,47.03457546611948,47.22350870785661,281.6911805155565,2510.492372314344,2.9941013904021845,3.4130699663837913,0,1
22,intermediate,33,evening,0.714521649373778,-0.8746893558600076,0.9869597333031795,0.27559734227231664,0.5960368727378014,47.44923523354226,57.25525978062332,278.4665926481117,2470.2486592922114,2.2264985496439773,3.737277949764007,1,1
23,evening,2,morning,-0.39033305107019495,-0.9913418731391977,-0.7242835354337732,-0.7019861532143886,-0.8511199588942508,42.905768715131444,44.35578825614385,301.6595096094092,2460.9784189910497,1.2500796851665756,2.3466373941467933,0,0
23,evening,6,evening,0.6378740021752514,-0.7207507868994466,-0.9999996827025946,-0.36095882247559663,0.4356777605187625,45.34522203469322,56.529833442666586,290.6267882603889,2515.1872930968484,2.293811486375879,2.5936686370438498,0,1
23,evening,10,morning,0.9772601048271518,0.09258034251227354,-0.7231840814985023,0.11555212194697428,-0.11768548761328201,41.245071945074926,49.215259935467046,289.531971286736,2613.239939524562,3.3960047678452656,2.1272372997548774,1,0
23,evening,15,evening,-0.008779529929357627,0.9372685077641879,0.14310329926020957,0.3571974256983466,1.4217317735622903,49.66194122304438,56.77943572243893,280.2819793752968,2569.6222536346754,3.9254584433861615,3.7964384831970994,1,1
23,evening,19,morning,-0.8918901533501215,0.8569302974081693,0.7865452797606691,0.250528474606239,-0.1082182058810201,42.834885344617035,45.51389331627924,298.1523091150085,2623.2693335797776,3.3727592900602286,3.6915261040019396,1,0
23,evening,24,evening,-0.6242532411886911,-0.09258034251227343,0.9592682369214144,0.0808115510734833,1.2057855348199924,48.5769109154155,54.89890077098247,270.49632347667364,2620.398666920064,3.0754206643094073,4.43259037703927,1,1
23,evening,28,morning,0.406438419216421,-0.8361965857174287,0.49930995293099073,0.02318392880999433,0.0677120488201827,48.02842452131276,49.46305609491111,295.25872406650365,2540.4181179785596,2.0307700490135714,3.4748034814924815,1,0
23,evening,33,evening,0.9772601048271516,-0.8569302974081693,-0.41613950725654936,-0.098603233279189,0.6174067375139725,46.59554927746442,53.68745826316883,278.00367674728375,2620.6745122777725,2.860172035917844,2.7545694890384715,0,1
24,morning,2,morning,-0.9799742700654569,-0.7449364995427749,-0.3869931825290597,-0.7039679840457639,-0.6640349103933362,39.377320792710556,47.88460919206767,301.739505393188,2405.1613090895844,2.1416955327678977,2.934732749786711,0,1
24,morning,6,evening,-0.6276512954027318,0.05712713054625822,-0.916389971154541,-0.49563804533700484,-0.2793908487529596,41.46923187115918,46.480191583517964,294.17265595954393,2432.0845551778275,3.3681044952048356,1.8137454481358426,0,0
24,morning,10,morning,0.40245343626252794,0.8161728661528639,-0.9394520460762709,0.09305808544637366,0.8880419071081104,48.77933512124167,55.047625982748606,279.84456557981736,2568.4375342712474,3.954004542934669,2.066114932909724,1,1
24,morning,15,evening,0.9781747569608643,0.8747109734399928,-0.2657964415243936,0.5290297629588212,0.5872166070933398,43.525500156559204,53.922236463301964,283.1904933033518,2540.259494547173,3.9450995600247896,2.728875390719265,1,0
24,morning,19,morning,0.26553576212718794,0.16646270357459444,0.47289036869438567,0.30162961146538936,0.918140100687669,45.90539833274244,54.94408974926497,272.168512316633,2556.3759003465107,4.118930466327152,3.3659742516526125,1,1
24,morning,24,evening,-0.8899111111104545,-0.8161728661528638,0.9920435263328589,-0.23801348364348648,-0.35364837791035075,42.30146167777253,47.20171632523957,301.0028522959717,2498.2089691606925,2.316192889365996,4.109830073291205,0,0
24,morning,28,morning,-0.8144116137982526,-0.9606237866539894,0.8048534133927995,-0.3233939956864808,0.3114000681142954,43.828907205454925,51.51294239388908,305.4162856286492,2507.0208320956594,1.8973351366707407,4.214828107598016,0,1
24,morning,33,evening,0.40245343626252694,-0.16646270357459458,-0.016568586495846784,0.07314071539736186,0.0657313528692261,39.94911450738141,50.634294769559105,288.88262924479693,2494.3857323848756,2.888318897101229,2.9737053746956197,1,0
25,intermediate,2,morning,0.6435640190543185,-0.9784524890892914,0.9970232562676518,0.22071159541089294,0.6260033901545635,44.741176103991165,54.094075166154326,276.07801558017627,2595.021507470724,2.5009848578474747,3.7361308635485466,1,1
25,intermediate,6,evening,0.9756618028352793,-0.7714815337731431,0.7747857278324322,0.3263219989648561,1.0951853281121284,46.467188244005115,57.029888856152276,275.4625042525676,2678.1410835435586,2.4253501254634795,3.7729428760972765,1,1
25,intermediate,10,morning,0.25417174921419466,0.016430751829513576,0.12445435067303182,0.13168561723891337,0.3636621540430889,43.890271041148615,53.35604119312889,268.3719989666927,2489.6563883023423,2.7805623392655185,3.584122257968154,1,1
25,intermediate,15,evening,-0.8952173129183835,0.9079762786283826,-0.7360522905365114,-0.24109777494217077,0.7406653456975276,45.696379654211576,53.30352990113696,277.33886283923755,2623.0546158893358,3.5202757213161924,2.4486527499916635,0,1
25,intermediate,19,morning,-0.807526342981531,0.8937182065477782,-0.999837612141267,-0.3045485828583399,0.21970568287310152,44.52085608562985,51.41553826659234,291.03833022876233,2398.541506339499,4.050238172871316,1.8798550851207592,0,1
25,intermediate,24,evening,0.41319855169444414,-0.016430751829513455,-0.5652834024556629,-0.05617186753024408,0.021787095008666102,43.74434437854981,52.79409918439859,284.3053964255769,2569.4717330777416,3.6326581533903908,3.034613436285247,0,1
25,intermediate,28,morning,0.9986428543698515,-0.79197034617829,0.16012910546983228,0.12226720455379791,0.7700316164412664,47.083709801600584,53.938871979038865,263.61032379022987,2554.4195525970536,2.1287705414450113,4.040626307413223,1,1
25,intermediate,33,evening,0.25417174921419533,-0.8937182065477774,0.8969487225346111,0.08580075506700968,0.5632492264522245,45.3281962152133,53.8570635033714,279.25625853625536,2639.068285625746,2.1034665640200454,4.001106686134288,1,1
26,evening,2,morning,0.17468744534535002,-0.46756748980181195,0.6957861496682171,0.13430203507058505,-0.3147458148609855,41.57478439040251,48.53534621619043,291.4445753563935,2475.968185575454,2.2771325267436953,3.0742870329374288,1,0
26,evening,6,evening,-0.7938654528191201,0.3995821440983552,0.007915556029990537,-0.1287892508969248,0.6433132810355939,45.12997397977339,56.069291804863106,280.90367860549793,2482.039267581865,3.4127639774519904,2.9052324832012104,0,1
26,evening,10,morning,-0.905146924354723,0.965838273502155,-0.6843286350093534,-0.2078790952873071,-0.3572975581537813,45.395286853097105,45.79578074224553,293.1716992854737,2486.873552425417,3.94185974432341,2.2963593197885808,0,0
26,evening,15,evening,0.23204995031067144,0.652543617508532,-0.9909169333318169,-0.035441121837537816,0.5601106574115112,46.575663142823636,52.541115045756506,289.85064917429963,2550.9902675712638,4.44207365921997,2.276311138614987,0,1
26,evening,19,morning,0.9704074580443308,-0.1855794254713915,-0.6243616675380882,0.053488788344950376,-0.37896178221716037,41.02738269888963,45.831525208708236,279.838373797011,2506.9366713105205,2.92707891170971,1.8007043900079591,1,0
26,evening,24,evening,0.4338579198923462,-0.9658382735021551,0.27412881018876406,-0.08595051447368161,0.9264041154927153,47.794826301123216,56.25822007374061,289.7448355945798,2616.7442584158157,2.210974672738915,3.109013495932433,0,1
26,evening,28,morning,-0.6003651192228018,-0.8047984834485251,0.8620404944887967,-0.18104103606084343,-0.9508907827870854,39.93150830666554,46.15589908071511,291.47717313068455,2452.7017503711354,2.1482672131136433,3.5428245405888363,0,0
26,evening,33,evening,-0.9051469243547237,0.18557942547138961,0.9128917387556933,0.06444141329078641,0.6754966267558428,47.76876993165098,55.593977905223966,271.1347678138361,2627.39446228564,3.351848060611995,4.047532356898056,1,1
27,morning,2,morning,0.9155775864601771,-0.9213000557270387,0.312957731639181,0.10241175412410647,0.7692241845258352,49.49188479554453,55.918856159247646,285.9016403310091,2552.553269257896,2.528079709905033,3.1120813121502637,1,1
27,morning,6,evening,0.7782806168753211,-0.8784382559798087,0.8819124731260737,0.260584944673862,0.2916663766506066,47.181984381181664,51.20856013749993,288.30704061238583,2460.429217242522,1.9955273353109941,3.804392424615015,1,0
27,morning,10,morning,-0.19945818372383925,-0.1740945326049258,0.9635824192223447,0.1966765676311932,0.716973008867424,47.391543184626684,56.2827426948585,277.30226233157947,2628.51292747675,3.2518359176000144,3.900047589144137,1,1
27,morning,15,evening,-0.999991670631826,0.8116733353586744,0.34110564620489553,0.05092910364391462,0.5196639164319011,46.353364278638814,54.60308989817148,294.60402877086557,2534.67051145045,4.133147587938496,3.1347575325679466,1,0
27,morning,19,morning,-0.4636851118876881,0.9627469088917727,-0.40182173308010355,0.03241335464132703,0.6013454264971586,48.86102832469139,52.904571618336675,292.1056582910169,2612.776848535808,3.4642100337616304,3.304603531627658,1,1
27,morning,24,evening,0.7731290421636445,0.1740945326049259,-0.9790012628735817,-0.010592562701670416,-0.39515630344042196,46.03335795329673,50.44409072524503,288.849481423268,2492.7715943142134,2.6665106765638544,1.9404987340022182,0,0
27,morning,28,morning,0.9188297369694823,-0.6613459247027408,-0.8492120293063729,-0.19724273901321043,0.24547296384167527,48.21654651431665,54.01444428023957,301.0551321439241,2523.641663419953,2.4723881902529854,1.7873329846429686,0,1
27,morning,33,evening,-0.19945818372383858,-0.9627469088917732,-0.062452833414506206,-0.408219308676706,-0.5388648944330826,45.356981732459786,50.703303143723026,289.42692498186216,2475.0665802947383,1.9018199744587678,2.819383062910795,0,0
28,morning,2,morning,-0.9694512662746763,0.4205434078076943,0.7932338401030106,0.08144199387867619,0.37089691451039697,48.70581448803129,50.99925542547349,289.35963106832105,2571.9581966968617,3.605169459624356,3.7856079925720136,1,1
28,morning,6,evening,-0.22822659247771748,-0.4471296142866911,0.15388939701330384,-0.1738222699170349,-0.15384249390678917,45.838220848858406,48.58321501776514,293.7017536350167,2593.091978316881,2.641758472946301,2.882935665026657,0,0
28,morning,10,morning,0.7594531145156501,-0.9781049170412563,-0.5704838506590247,-0.2630452177282103,0.43749790517229464,47.83539764934873,54.626188348098104,291.6331748849893,2543.274936536179,2.397492933378003,2.05784431586444,0,1
28,morning,15,evening,0.791470243413967,-0.6118866125686966,-0.9999315125229737,-0.2734492938925678,-0.4977962317307623,42.80406282677193,47.88935457793694,313.7596869861219,2604.0874028318385,2.4905851460246673,2.0933224167921134,0,0
28,morning,19,morning,-0.1785544957129918,0.23688102474156172,-0.731760762490015,-0.22447807782048168,-0.15229470357661828,45.162945749386054,47.75540852536378,290.78676786638255,2504.845296282216,3.1806177967272666,1.7813169567813163,0,1
28,morning,24,evening,-0.9996782156678617,0.9781049170412563,0.13072078596483225,0.03638249577940895,0.24972181023085147,45.97590796560726,51.8195523264399,307.52201184470164,2491.4042484605825,2.9056085411097383,2.928461978444133,1,0
28,morning,28,morning,-0.4824396378544473,0.7725472675595212,0.7787646797960288,0.35629076983370095,1.0959016015999736,53.90726285102435,53.11285836615838,284.74878677616454,2564.878742683048,3.965097847747232,4.933295614222498,1,1
28,morning,33,evening,0.7594531145156506,-0.2368810247415616,0.9627244974958905,0.4950988624233265,0.09984639408220553,47.36613033186425,51.527067861005236,301.41414608000036,2533.28011074453,2.943154425286028,3.7779047078756722,1,0
29,evening,2,morning,-0.5277004373896812,-0.7301557159324437,-0.9694675960191971,-0.7424412497804407,-0.8509153894911199,41.53822370859569,47.4515403160207,297.36179515064066,2486.110290090702,2.009885495936926,2.1988643764188494,0,0
29,evening,6,evening,-0.9969733453489427,0.0789657860486835,-0.8708574959971914,-0.5962883517658168,0.23049205251364324,43.71909318755053,54.1392767477604,280.0959301280316,2499.451399983438,2.883701248998848,2.7183950806825687,0,1
29,evening,10,morning,-0.3896447221001474,0.8286244405266693,-0.2910708283650379,0.049302963353828,-0.7395458864762287,47.20511293439135,48.877357669515156,300.7681551158443,2471.192740545672,3.7604968116803303,2.8352199934103823,1,0
29,evening,15,evening,0.8224268592969872,0.8638934660269335,0.6104683954603137,0.7655962402614115,1.6303405127227846,52.81144242970259,58.79383740988862,268.96489964996425,2608.566960345752,4.138965093379225,4.375919961896178,1,1
29,evening,19,morning,0.8834618763144937,0.14484012486712222,0.9883873626519003,0.6722297879445054,0.5033959897202703,43.05967468669094,54.29175498542507,285.6248308462032,2547.5785153259817,3.096043590182651,4.384657014765167,1,0
29,evening,24,evening,-0.2789582557215526,-0.8286244405266687,0.6971000740554193,-0.13682754073093403,0.8937368288728738,47.87230449356236,55.745762202377634,271.6095973422915,2502.9534952579866,2.1938387127002303,4.088179519764563,0,1
29,evening,28,morning,-0.9809779826279816,-0.9543119904298702,0.009746453030710124,-0.6418478400090473,-0.5893817946641209,43.868774631295736,48.96625608413959,301.30970099798543,2450.8732063240654,1.9997377472462816,2.996360789554614,0,0
29,evening,33,evening,-0.38964472210014683,-0.14484012486712236,-0.8088837640592976,-0.4477895370088556,0.5655622491454235,49.50229273359994,54.70739242389344,286.13253183568384,2605.7514406296073,2.9260245857797624,2.0290116233142745,0,1
30,evening,2,morning,0.9073219274969573,-0.8079398673130077,0.5701028826509322,0.22316164761162727,-0.08992125813547641,43.87140523751303,48.517162819068034,284.7363615594315,2423.4675922045226,2.1320160783281175,2.8172759552355027,1,0
30,evening,6,evening,0.7907265236632988,-0.9644481502491877,0.9795533588064717,0.2686105774068609,1.0750729465094093,49.65054423634559,54.05831313010484,277.1865458168763,2579.866747414542,1.8499338854686485,3.8952275236497074,1,1
30,evening,10,morning,-0.17975067160860045,-0.3947073048907685,0.8477693331658522,0.09110378555549443,-0.36029218044687955,42.497420863813794,50.17461444132328,287.58635288271006,2433.6405908503057,1.8707427337225928,3.9127198460891446,1,0
30,evening,15,evening,-0.9997083186731656,0.6565593429672774,0.05973178899362001,-0.09447239557075605,0.38516024527295134,46.978984163755904,52.797680761975315,291.0768016509637,2426.1524585030706,2.7057324354620347,3.289764232086825,0,1
30,evening,19,morning,-0.48137428579152597,0.9990735055733189,-0.6456169207603252,-0.04263923365951076,0.16175248508415374,47.85387370701038,51.545206915664195,278.9393365214637,2518.545142679564,3.44563321502157,2.4728782204925306,0,0
30,evening,24,evening,0.7602435367485147,0.3947073048907695,-0.9965547985872735,0.0527986810173369,0.95388635270726,50.754304509341964,60.60587750105263,276.506147332473,2500.26886361971,3.562125169439696,1.699763718865464,1,1
30,evening,28,morning,0.9265656086951266,-0.47225619161210824,-0.6640075978368486,-0.06989939358461007,-0.4865877369984136,42.788169632101294,46.83601017883293,291.8713476477806,2398.1676029036344,2.8463603430372846,2.2814958165928223,0,0
30,evening,33,evening,-0.17975067160860025,-0.999073505573319,0.22391728098920788,-0.3183022987309038,0.4912028508575329,46.82141356592536,53.0835212816998,285.51980773458064,2454.599524008556,1.9750023841884021,3.199730753199183,0,1
31,intermediate,2,morning,0.7040109535648965,-0.6177156786906559,0.47736101734926883,0.1878854307411698,0.0826291567987491,41.418885080142005,50.10385221239037,294.1381704398623,2519.7699888213783,2.6681779873794014,3.8838048315954836,1,1
31,intermediate,6,evening,0.9544572422661554,0.22969403493565613,-0.26089502470243886,0.30775208416645755,0.7726339286499625,45.99348823202244,54.29987431287076,280.985898527143,2518.9042758017754,2.545464251295278,2.910522396252536,1,1
31,intermediate,10,morning,0.17421386078700407,0.9041394553509864,-0.8549982368481049,0.07445169309662847,0.6726935578119506,46.39735257713944,55.93741093372804,289.95132995645184,2546.478665980146,4.005121515336835,2.136658931363672,1,1
31,intermediate,15,evening,-0.9286669199003338,0.7772190561773891,-0.9184118976597657,-0.35661992046090346,0.13002385757842438,43.76100739749966,53.7010363377157,285.4587503793564,2486.9761411754916,3.6926959600211884,2.37686567809313,0,1
31,intermediate,19,morning,-0.7565769054939913,-0.00736375896540833,-0.3916730537846629,-0.38520457274802083,-0.4576478195066042,37.04239253479698,47.253835378969754,283.86068130251147,2448.8182939105955,2.926088133520611,2.4732959366113425,0,1
31,intermediate,24,evening,0.48629758787461624,-0.9041394553509867,0.5223023060698586,0.03482014619782938,0.9244550151957327,46.50519245021567,55.86637197068626,282.0188038457439,2500.2098179860627,2.660409659640555,3.554000619034811,1,1
31,intermediate,28,morning,0.9995566349687948,-0.8977494248032439,0.9664800114588409,0.3560957405414639,0.7381063207976206,43.661894676159505,51.22616224744192,285.82044829037426,2564.79102851609,2.083136195814391,3.7722786540292534,1,1
31,intermediate,33,evening,0.17421386078700388,0.007363758965406432,0.7697491612235742,0.31710892699199483,1.0967567303964878,44.920164324814216,59.41227773398031,267.7685602338047,2599.4091730675655,3.08674359465432,4.099022524077635,1,1
32,morning,2,morning,0.8831886633886987,0.6986613872954751,-0.5461874787754927,0.3452208573028937,0.6746702710440562,49.7950619367671,53.68658150613967,276.35955065400157,2550.8331255892526,3.752736757491741,2.731987555923918,1,1
32,morning,6,evening,0.8227582809655793,0.9949715310720425,-0.9733480983991112,0.2814605712128369,0.03472717043942511,43.63597840526405,50.02297212712473,311.3572908804123,2514.62553667687,3.873171416421651,2.0164130925817574,1,0
32,morning,10,morning,-0.12614402423660442,0.5420478182309021,-0.8627028206970668,-0.14893300890092306,0.37157676519218086,49.647555945230856,49.72764999547116,296.92874592782687,2531.375363739196,3.894528137735312,2.5323540672857674,0,1
32,morning,15,evening,-0.99692786353564,-0.5219413312910802,-0.08847652942834332,-0.5357819080850211,-0.4472995528530216,46.56066385423746,49.17852230334559,295.0083624994901,2417.793630239577,2.305167932754217,3.2017936041123,0,0
32,morning,19,morning,-0.5281954308488304,-0.9923127996001573,0.6233392263791039,-0.29905633468996123,-0.07892747013444035,44.8235724325329,50.16627613192878,293.82732480924346,2477.2431270660572,2.3025851992208453,3.5931676142120237,0,1
32,morning,24,evening,0.723898118559283,-0.542047818230903,0.9985311443522639,0.3934604815602147,0.7565802930547137,47.9655354162034,52.35729921584102,282.56809195493304,2436.5470690811776,2.468646066509027,4.498230732389908,1,0
32,morning,28,morning,0.945598343052451,0.3190489574985537,0.6852819783139932,0.6499764262883326,1.09020040573349,52.0474231932113,53.16206429845024,274.4597974196643,2519.9638973834153,3.5709367057705164,4.460322036620413,1,1
32,morning,33,evening,-0.1261440242366037,0.9923127996001574,-0.19573506721031875,0.22347790271774495,0.37055287762725153,47.15559478680277,52.57716574512821,292.01223300922925,2552.5523166393014,4.4133141307543955,2.4355988431862823,1,0
33,intermediate,2,morning,0.5362882840983992,-0.7433629896292046,0.8719172606256382,0.22161418503161098,0.24673838872586534,46.145740002959094,52.257430985104136,290.83815108302974,2573.454583507208,2.4708747065683165,3.8392631569333626,1,1
33,intermediate,6,evening,-0.5026786028903989,0.059478634181418764,0.29313677949394423,-0.05002106307167864,0.5229205412976743,47.884121049173224,58.28545890956669,270.9318100396529,2549.8958157768484,3.8467866285721475,3.351196728219046,0,1
33,intermediate,10,morning,-0.9988179849092275,0.8175316333104058,-0.44761113034510264,-0.20963249398130812,0.013820996666449058,46.564269088877715,51.200100379496206,300.8850805895843,2399.519718587713,4.3095905172386875,2.1358752311374642,0,1
33,intermediate,15,evening,-0.15562525952680561,0.8735669613601234,-0.9880568084703546,-0.09003836887901229,0.38230238570028524,47.930496148780705,54.580397227731645,272.695521308696,2555.3303308003156,4.5677071227108055,1.7066264601054935,0,1
33,intermediate,19,morning,0.8054696317475534,0.16413959754491653,-0.8214246526419829,0.04939485888349563,0.341881914897745,47.41970762932363,54.05296274656357,286.1187439927225,2497.7221237958506,3.433299395160349,3.007058108712624,1,1
33,intermediate,24,evening,0.7441191447578968,-0.8175316333104062,-0.011906489689390518,-0.02843965941396667,0.4566783585956053,49.95150358403225,51.18862463692448,276.93651343447806,2560.304569763957,2.8751302421840323,3.2052169335303398,0,1
33,intermediate,28,morning,-0.2508057904229889,-0.959966637950486,0.6814129635339693,-0.17645315494650185,0.012927652917359742,47.09580095623203,49.05560155633614,294.74913552800405,2554.1758666454134,2.0248624628690344,3.495820968980796,0,1
33,intermediate,33,evening,-0.9988179849092277,-0.16413959754491841,0.9914457487794509,-0.05717061122489838,0.5450160073106035,48.57013766160908,54.08459356699015,300.3257269777743,2529.6332297555377,2.8097041256346764,3.748510358561731,0,1
34,intermediate,2,morning,0.8536254341860915,-0.6875424381226288,-0.987489014506235,-0.2738020061475908,0.18962618734215245,44.328939872906325,52.639727975162586,296.7908060999016,2575.6829364294886,2.18892295583681,1.4758303021238957,0,1
34,intermediate,6,evening,-0.06976494961288976,-0.9963980930486062,-0.6058623622398038,-0.5573418016337666,0.28027080098884055,43.93640984868023,55.972948318364416,269.37180793626254,2554.7713299375737,1.612129000517851,2.6432887751673304,0,1
34,intermediate,10,morning,-0.9178182625380235,-0.5549456610919623,0.11052258658685571,-0.4540804456810434,-0.15510413415383054,41.79094571765458,51.40074981847196,295.8476853553229,2489.3136895698094,2.6688693144782905,3.7550003988042775,0,1
34,intermediate,15,evening,-0.5754328126392474,0.5087220286873158,0.8736949342276776,0.268994716758582,0.38103484215496103,47.792229614437645,55.1042292009159,276.73319759737876,2449.671624205626,3.572356104074197,4.289601395006045,1,1
34,intermediate,19,morning,0.4614195689058961,0.9902858255706068,0.968028408251214,0.8065779342425724,0.9440328607239316,49.885135221631614,54.80815603861121,277.0707821783677,2487.3475143860574,4.3605017822050565,4.523609534232919,1,1
34,intermediate,24,evening,0.962504409225021,0.5549456610919616,0.35718285571020253,0.6248776420090617,0.9871994293878923,43.884748315975735,58.324236555627124,280.14340335103674,2572.771918474636,4.219438154723238,3.2340590748647338,1,1
34,intermediate,28,morning,0.20196152383348448,-0.3043921724954256,-0.38605219931528884,-0.16282761599241,0.27350917196944335,46.7250693399596,50.80071380692886,287.7709926335418,2484.526773731061,2.748665824370818,2.8253915050569347,0,1
34,intermediate,33,evening,-0.9178182625380233,-0.9902858255706068,-0.9753597749164531,-0.9611546210083611,-0.45684629993591314,41.001324064878794,50.77441645039116,285.2800761781519,2411.6231805228635,2.1581770197187216,1.5317519039671543,0,1
35,evening,2,morning,0.8617398317977898,0.44049627896164006,-0.9089250272689424,0.13110369449682913,0.03457145027444919,46.39811713856934,49.69367556945413,278.1938824304098,2600.497788921624,2.992369823515636,1.9587570919987147,1,0
35,evening,6,evening,-0.05401258215461771,-0.42724774427672785,-0.3700849226704854,-0.2837817497006103,0.6401116485824248,49.30147675644421,55.66991224648621,271.5678357118662,2648.2432237526596,3.338957387569915,3.124389362460009,0,1
35,evening,10,morning,-0.9114384330916322,-0.973265501809016,0.3732389162167157,-0.5038216728946442,-0.6821099699639237,41.625105935873535,47.90099311273033,296.3946895340816,2518.7113445993873,2.363474054034742,3.3124260551142997,0,0
35,evening,15,evening,-0.5882685470731996,-0.6292212732410651,0.9722106443993529,-0.08175972530497062,0.33064617178557193,48.46645051191728,52.62954137996212,276.98973281534273,2571.0668123725077,3.307656557915938,5.0,0,1
35,evening,19,morning,0.44736047664569933,0.21534687691697954,0.8651748160843361,0.5092940565490051,0.36004541567815024,46.73133113282264,55.84167015101493,286.8099554712414,2544.287375415618,3.8749243807592957,3.9119703171575946,1,0
35,evening,24,evening,0.9666656900165498,0.973265501809016,0.09336492141996605,0.6777653710818439,1.514424606246508,52.622529201258345,61.387728028124535,272.56768578118727,2598.720848800233,4.083862949071557,3.10230405906243,1,1
35,evening,28,morning,0.2173932875936731,0.7863944854809602,-0.6194933442750377,0.12809814293319857,-0.0248363637050647,46.63500369863853,53.76379568944153,297.7232328836295,2536.9480489890325,3.880244059270203,1.9987901263836656,1,0
35,evening,33,evening,-0.9114384330916325,-0.21534687691698032,-0.9987850717839136,-0.7085234605975089,0.045553959843641675,46.79146687391385,54.89840579636758,281.13087395295133,2537.8713067505037,2.2623749612571817,1.9635761769329114,0,1
36,morning,2,morning,-0.3706252836338016,0.9994309299508778,0.034816198391517464,0.2212072815695312,0.9216823442925246,49.19344895951994,58.97935338907519,279.2505117318894,2536.069673801178,3.9347376226109434,3.5422867100941122,1,1
36,morning,6,evening,-0.9951639721028632,0.6495073662308731,-0.6644629710720028,-0.3367065256479977,-0.16779263698585048,44.71076978223579,51.47857735458573,274.6992786508123,2525.205652580751,3.215951562310445,1.8989998509257062,0,0
36,morning,10,morning,-0.545055017114573,-0.1895084917967275,-0.9966051368419832,-0.5770562152510945,0.1540191342525133,44.671969635321354,56.25957866420596,293.0003283515355,2523.8351894273924,2.37824099388743,2.554118907152127,0,1
36,morning,15,evening,0.7099696518875226,-0.9668671378812316,-0.6451515969389036,-0.3006830276442042,-0.1753020920713198,43.388787981035414,52.779876699178054,277.8062536076213,2490.3300902619717,1.5793346397499048,1.7557240544164883,0,0
36,morning,19,morning,0.9519096396121419,-0.8024178318506457,0.06033986595398706,0.06994389123849441,0.18235970556017222,47.04238344291557,53.022881965265434,299.9940155785619,2464.567084393213,1.9012318335484362,2.884505492748106,1,1
36,morning,24,evening,-0.10629897795041278,0.1895084917967265,0.8480922614322264,0.3104339250928467,0.6183434375852966,46.883438541626184,55.364752819795434,283.7725349217508,2542.6053182757123,3.554777405710769,4.2633879432793815,1,0
36,morning,28,morning,-0.9317590932404547,0.8858205902326507,0.9794306203126363,0.3111640391016108,0.6901054737441783,45.415262424043654,55.993207271324486,283.713488733685,2473.6339573263376,3.755584922726604,4.295162528554316,1,1
36,morning,33,evening,-0.5450550171145724,0.8024178318506453,0.4037593708858,0.22037406187395767,0.21617356779394908,45.55780182248317,52.93348739441976,285.4752218387785,2447.174332066439,3.999857711121444,3.691832919512721,1,0
37,intermediate,2,morning,-0.9728321424447386,-0.4515525678455319,-0.4976625452237494,-0.6406824185046732,-0.7881611422137293,42.7676906186451,45.44801063162342,293.6798875718809,2438.759472781313,1.9940221364931339,2.137248049153364,0,1
37,intermediate,6,evening,-0.6531217870928034,-0.979123274660667,0.23837901558955135,-0.46462201538797304,-0.13914915686955037,47.068905844408846,51.82481774259697,285.31803479630787,2490.713133998451,1.8880644185834647,3.0800752208000857,0,1
37,intermediate,10,morning,0.3718751432009629,-0.7693941851813757,0.8427085603280237,0.14839650611587027,0.8019198780789175,52.53297256778982,53.79231176941162,286.43696614665765,2578.9060602129694,2.0501720341081064,4.189528831444184,1,1
37,intermediate,15,evening,0.984527110725824,0.24168811892541012,0.927362197731756,0.7178591424609967,1.560556207818035,51.873009099694144,58.34965024993387,278.8367625815029,2597.429177814019,3.725893746105001,4.269189946437053,1,1
37,intermediate,19,morning,0.2973603098698226,0.9093433707690138,0.4129602605863011,0.5398879804083792,0.8335731625995773,48.659185935720316,58.64437607911301,288.7759873287986,2528.7658923562276,4.065158495379775,3.0977430027556823,1,1
37,intermediate,24,evening,-0.8742958044964404,0.7693941851813753,-0.5023338179714572,-0.20241181242884076,0.47639305781850194,50.078259871633854,54.639458107966114,292.7002555257133,2502.100761723768,3.929343296997346,2.230293501554796,0,1
37,intermediate,28,morning,-0.8332066427477334,-0.019704418520670605,-0.9602493057252894,-0.6043867889978979,-0.29983614781666756,45.8537254996677,51.33330995787077,290.06396368370446,2465.657241151071,3.190066496636554,1.901592105114494,0,1
37,intermediate,33,evening,0.3718751432009601,-0.9093433707690137,-0.7843830856041368,-0.44061710439073015,-0.268199669136327,48.866178657551444,53.80378466457156,282.3024398093623,2508.614449917735,1.9733646652976988,2.3540906170049287,0,1
38,evening,2,morning,-0.8524125734658212,0.2511325513000547,-0.9583322494295007,-0.5198707571984224,-0.6443276492252066,41.767391413877355,45.32044431551206,295.11983550771413,2418.17873665673,2.678920296129867,1.8580273468366482,0,0
38,evening,6,evening,-0.8564135696835993,-0.6001973146929035,-0.8907028176715028,-0.7824379006826684,-0.10313410789208949,45.306855378253246,52.5684356640223,289.5094154992864,2508.430169937548,2.5999808351776132,2.328836888712593,0,1
38,evening,10,morning,0.0644006909659094,-0.9995663609280996,-0.3309316445404213,-0.42203243816753716,-0.6108403773717616,43.366975829305204,48.0199099113134,290.34101728538445,2509.4553719614623,2.184332336757809,2.2084016520008563,0,0
38,evening,15,evening,0.9901543352745266,-0.4602258741563359,0.5767192618724774,0.36888257433022265,1.121478775759101,50.20722230350568,55.298380132447676,288.0383112085606,2688.1303426608188,2.621366374136121,3.346346496880475,1,1
38,evening,19,morning,0.5798215389183162,0.40716530619489294,0.9811461674851166,0.6560443375327752,0.4163945526807167,47.44423567966476,51.72985390852494,299.5415828099413,2460.701374558985,3.7057835948963,3.7677935647308245,1,0
38,evening,24,evening,-0.6797342251411601,0.9995663609280996,0.7265514007065629,0.3487945121645008,1.523759537499875,53.78012489100435,56.19509840474357,270.23066059827454,2637.052957983287,4.0687523510583095,3.9426406880089737,1,1
38,evening,28,morning,-0.9639489196310095,0.6462415499465283,0.05166832824422658,-0.08867968048008489,-0.32346460729647386,40.52294554777029,48.46461536414005,291.27598523058595,2458.5839738265277,3.9602846920219346,2.4801201782780384,0,0
38,evening,33,evening,0.06440069096590917,-0.4071653061948928,-0.783517352050044,-0.3754273224263425,0.6454167065032861,46.8595361417681,52.777177088335655,291.4902068259159,2558.375558502946,2.9206375767235295,2.721070817613559,0,1
39,intermediate,2,morning,-0.04831669701691489,0.9941526711582381,0.7288282293754369,0.5582214011722534,0.6695721652591974,47.79020632842412,51.305310121331935,277.3388219075235,2685.350595521154,4.5978416776519655,3.4505357986167615,1,1
39,intermediate,6,evening,0.8646194043513854,0.5354190428992261,0.9999725393445524,0.8000036621983879,0.9193888067926567,50.430627088897324,55.81922397687076,285.33537713149246,2540.1370830700403,3.777969246267805,4.3547342175253885,1,1
39,intermediate,10,morning,0.8438790147889272,-0.32649604522097553,0.7186000984125912,0.41199435599351436,0.6422681719674955,45.27039489789764,52.879491946838634,277.458502592773,2545.0182056036415,3.97459251701037,3.998956978285393,1,1
39,intermediate,15,evening,-0.3536191632559466,-0.9932558084259883,-0.14964633903653507,-0.4988404369061566,0.0026611852413595677,47.423619763080275,51.10643204877677,295.30579383118385,2528.223745115431,2.7762078890351027,2.4198552114312015,0,1
39,intermediate,19,morning,-0.993206310263374,-0.7099331586108439,-0.7906125868555713,-0.8312506852432632,-0.37971759751607326,43.12183068411235,49.340187653255676,289.1840912087696,2454.0701478089472,2.1084034816939945,2.480609318027655,0,1
39,intermediate,24,evening,-0.31600664925721317,0.32649604522097586,-0.957378750268205,-0.31562978476814746,0.4755468046942707,46.06388392325646,52.615352593622596,280.59377163614084,2463.3291070880555,3.223201537619904,2.0357012133686343,0,1
39,intermediate,28,morning,0.6970036829514255,0.9425529519841986,-0.4935682935422429,0.3819961137977937,1.2004756240043948,51.48161500320759,53.37489346666504,273.0530726090452,2620.8192465518996,4.793851461429591,2.215293210668034,1,1
39,intermediate,33,evening,0.8438790147889274,0.709933158610844,0.4221447430579341,0.6586523054859018,0.6528059786525504,51.447944446816834,54.171008596156106,277.1969585316239,2563.6213573654404,3.0140238257396232,3.678707387706918,1,1
40,morning,2,morning,0.6385293586961565,-0.657073489793839,0.835942438809927,0.27246610257074816,0.8271747855244447,48.965455202325984,52.48175889335145,284.7418569672735,2493.6041311069434,2.7797580044427805,3.7207168128731007,1,1
40,morning,6,evening,0.9770792467648132,0.1796866892000188,0.22627281631081153,0.4610129174252145,0.3428864158926379,44.14817342230667,53.3903814334248,296.7354290448817,2499.0870317341432,3.213405193743591,2.7349424147855546,1,0
40,morning,10,morning,0.2605106423622019,0.881139126285782,-0.5084197606858665,0.2110766693207058,0.6150498403869384,46.6552432869066,58.69051225430894,277.7061228115034,2600.3567276392937,4.405248785166449,2.9039679577504796,1,1
40,morning,15,evening,-0.892274812924757,0.8083414678231461,-0.9963513799610114,-0.3600949083542074,0.1455697035299967,45.41078787395174,51.87984377930014,291.8106554358397,2560.157501611187,3.9032430803683784,1.676268234905153,0,0
40,morning,19,morning,-0.8113781400870459,0.04371759023183796,-0.7799888421230113,-0.5158831306594064,-0.2941066162431576,42.78945342985534,47.303066660303216,297.003539900335,2534.470385038073,2.9245253127304562,2.328256919432417,0,1
40,morning,24,evening,0.40721604682900264,-0.8811391262857823,0.0573183546942203,-0.1388682415875198,-0.08047573372666901,45.22109423932271,45.47751953371174,290.09456354893763,2495.9805158688296,2.4853419486159414,2.73776019012137,0,0
40,morning,28,morning,0.9982797262303456,-0.9190758293157812,0.7304277325292728,0.2698772098146124,0.2737513123226827,46.294923269161394,50.471708654276455,281.1801080817449,2475.452684532155,2.3892110413806336,3.726687489632355,1,1
40,morning,33,evening,0.26051064236220306,-0.043717590231838084,0.980036875204214,0.39894330911152637,-0.16234253607439358,44.96658000195458,52.111714272499775,301.1427434659488,2423.6200395927513,2.909815124643172,3.8994337200869404,1,0
41,morning,2,morning,-0.6353037575044819,0.7960365273015142,0.9971804435277589,0.3859710711082638,0.9970725613879149,51.41881761939882,56.131605654814855,280.3201563183946,2594.895970728787,4.54176200865521,4.459831009446115,1,1
41,morning,6,evening,0.39339927724892215,0.02311825978502713,0.7734777004697697,0.39666507916790633,0.5842627430949954,48.89080755504406,58.35682245131426,287.8960120542771,2504.208965891771,3.530985447100713,3.959395599561825,1,0
41,morning,10,morning,0.9972822641663489,-0.767208528876144,0.12240383556266145,0.11749252361762212,0.49498226597373934,47.68870625356613,55.68265286558249,289.3947537741969,2551.771146054735,2.6537181168017665,3.9403962901934153,1,1
41,morning,15,evening,0.2750376247786093,-0.91075870954343,-0.7374494583576656,-0.4577235143741621,-0.11406537487802443,46.25770852815548,53.926884732577115,284.73765587405705,2525.260026819409,2.576257329505253,2.022662369778521,0,0
41,morning,19,morning,-0.7271073655987006,-0.24500009916010548,-0.9997982410144514,-0.6573019019244192,-0.3034801938867485,44.23596253233345,48.91792340131375,288.9927296653604,2475.473380252044,2.2903608834660547,2.1084574293920295,0,1
41,morning,24,evening,-0.8200988590675088,0.7672085288761444,-0.5635776996679841,-0.2054893432864495,0.07062888448885721,45.34889790850509,56.006302715160096,294.86785269809553,2567.9743591652846,3.2985987791543474,2.630217096786195,0,0
41,morning,28,morning,0.13076852193216776,0.9798116470916622,0.16216841438911106,0.4242495278043137,0.6088410999250541,50.19875229172502,56.002474624644606,288.7489791645187,2489.9583325290105,3.895830895926979,3.682256307680179,1,1
41,morning,33,evening,0.997282264166349,0.24500009916010645,0.8978603967230235,0.713380920016493,0.4349558269587934,48.862649386753894,52.055093967305744,293.1949863815689,2476.6787806938523,3.527819343436877,4.1410594598317685,1,0
42,evening,2,morning,0.11106973979820989,-0.42668118811170597,0.06529808170801041,-0.08343778886849522,-0.49928696458903943,41.19438457437326,45.827423516014576,288.6692964487111,2444.0157315935294,1.8040366019535132,3.0561144534315536,0,0
42,evening,6,evening,0.933490834379712,0.44105866741695854,-0.641347802477084,0.24440056643986216,0.6087598169553621,44.89654814908574,50.31987646490497,285.11661212322576,2545.8239977155104,3.5549662453857396,2.9522618942034864,1,1
42,evening,10,morning,0.7478632520829648,0.9766723504234591,-0.9936285515411165,0.24363568365510244,0.05303662256062158,43.004873008118985,49.006692104712826,274.06757126680026,2565.4223150256685,4.066459898382405,1.7229859137077517,1,0
42,evening,15,evening,-0.49781044935036783,0.6172318005001096,-0.6681674722899201,-0.18291537371339275,0.5543560452393961,44.47695583161847,50.30576046968618,283.00719491286003,2629.230385478605,4.0792523630215705,2.084497945124062,0,1
42,evening,19,morning,-0.999075475091093,-0.23029270208881908,0.02985076803058818,-0.399839136383108,-0.454337725168285,42.4945416607323,46.30490222782964,301.1684838266917,2597.7539424476236,2.9310831683425738,2.894171958787202,0,0
42,evening,24,evening,-0.1611764619962684,-0.9766723504234591,0.8315280939939035,-0.10210690614194133,0.9493759029934412,46.333327943721436,52.59765941382978,272.78476300155336,2659.5339057938936,2.003912779696604,4.454071916389271,0,1
42,evening,28,morning,0.8021250005051211,-0.7768318330758938,0.9851321370919037,0.33680843484037704,0.17809362229143216,40.931907809065144,49.42874050973267,268.05125219447433,2566.3617018517198,2.6117248997299556,3.6803368693566076,1,0
42,evening,33,evening,0.7478632520829651,0.23029270208881897,0.4314898998570481,0.46988195134294414,1.2337806801975453,50.18485145351794,52.96038380475652,263.7119588643612,2672.510694607665,4.2351335339685985,3.7305989804209734,1,1
43,evening,2,morning,-0.5175934722759822,0.6302403576537878,-0.27217034487574937,-0.053174486499314576,-0.04499127899729405,46.2203757281502,48.7609966406872,286.7121079558541,2578.3938646813544,4.041018973486593,2.836102644723055,0,0
43,evening,6,evening,0.5215716119147413,-0.21406559352371432,0.4670489552677228,0.25818499121958327,0.7924129037221114,50.53837025328066,53.371044223737066,277.8646021967926,2584.2112817112634,3.628752610444703,3.9966911489001036,1,1
43,evening,10,morning,0.9975071989060892,-0.8971757866355335,0.9482087976530762,0.3495134033078773,0.16827843806756715,45.75617351829048,51.39934302837521,292.50043415016677,2403.1683181627945,2.093583202345954,3.9427046161010053,1,0
43,evening,15,evening,0.13385998475050423,-0.7872041880402605,0.8087632613360545,0.0518063526820994,0.5388721965090126,47.123100733596445,52.75634004132326,297.6319985192453,2630.532933814739,2.3440261873770387,3.8906356419587356,1,1
43,evening,19,morning,-0.8183101784970694,-0.00866421813793669,0.1794703456994125,-0.21583468364519787,-0.46273810668277626,41.85968532987251,48.54728093539281,289.54126001992216,2435.2545626156125,3.0454007269473915,3.217108260513546,0,0
43,evening,24,evening,-0.7292450150037153,0.8971757866355331,-0.6972469807445525,-0.17643873637091156,0.42012619735118145,47.411664906391685,51.30839702917569,287.0384668269192,2585.7743882351497,3.9427621894144065,2.6787054156680266,0,1
43,evening,28,morning,0.272037690610962,0.9046943133599699,-0.9992913840992012,0.05914687329057692,-0.3258752250103737,42.78992619565942,48.42982651393789,287.9925352186321,2491.1583941070444,3.189952539408835,1.8464780047981555,1,0
43,evening,33,evening,0.9975071989060894,0.008664218137938589,-0.6103060787336584,0.13195511277012317,0.827540728150693,47.314020254702754,54.12563024976235,279.6300569541402,2593.1741353568004,3.553465306101565,2.462893233573851,1,1
44,intermediate,2,morning,-0.22060782090596073,0.7516077240068498,0.6409484823150253,0.39064946180530474,0.3007843017774882,44.23350989531249,49.42594523726251,292.18064721541793,2501.9170235302618,3.4400009576602932,3.6344061830091485,1,1
44,intermediate,6,evening,-0.9675039750532449,-0.04708439599376154,-0.06581730538415362,-0.36013522547705334,0.2512349520991448,46.49092331371711,49.03775822504401,292.2866273769427,2491.1089504170686,2.938579766331327,2.6357738355443607,0,1
44,intermediate,10,morning,-0.6696216846698613,-0.8103210054644269,-0.7362169307207616,-0.7387198736183499,-0.2715659329462149,40.82837583688116,46.819340561128925,304.27307928816845,2515.2675385728376,3.091656915389685,2.3382188088645774,0,1
44,intermediate,15,evening,0.5909295068946633,-0.8795404628702517,-0.9783084233478302,-0.42230645977447284,-0.10108946300752814,44.045885083903464,44.838489588794374,299.1737049409962,2474.6515981029956,2.5021082419304888,1.9004913849461733,0,1
44,intermediate,19,morning,0.9881436085617785,-0.1763702473974424,-0.565082729554714,0.08223021053654071,0.294815710534075,44.819365386596886,53.84821082714196,292.49769872392767,2631.6865635394897,3.250888957244657,2.7848179611291046,1,1
44,intermediate,24,evening,0.05072259403607194,0.8103210054644263,0.34427291548443184,0.40177217166164336,0.983778241324859,49.119248219191,49.959975618697996,284.5690233301755,2623.654361772193,3.93270654220054,3.038560829053231,1,1
44,intermediate,28,morning,-0.8634066233276996,0.9633693702842095,0.8970562452559725,0.3323396640708275,0.5360045850193773,49.29361592102793,54.07023592693125,291.67734228411905,2602.1025076875526,3.9384568753482183,3.410697464562271,1,1
44,intermediate,33,evening,-0.6696216846698615,0.1763702473974425,0.8803181347697515,0.12902223249911085,0.4150035122168111,48.59778650819673,50.42346096819037,291.678315397678,2532.27806965275,3.963887698757984,4.500078611419232,1,1
45,evening,2,morning,-0.7562503798684594,-0.08133431307099226,-0.3190968068111497,-0.38556049991686714,-0.04230939156314695,45.748212112432,51.580403005924076,275.2284127019778,2571.122999840963,2.3024081253172697,2.573016171211825,0,0
45,evening,6,evening,-0.928851966030803,-0.8299522928454541,0.42306192724728253,-0.4452474438763249,0.10495166860309652,45.69252392858901,50.0509344671617,280.73141828994267,2479.155806987575,2.1275746250524175,3.738848370482765,0,1
45,evening,10,morning,-0.09841424972877336,-0.9535992681658353,0.9314654407615282,-0.04018269237769349,-0.5623801214055542,44.237309149183254,50.82471868382896,289.49683093934584,2430.1760902071246,1.9490222321243522,4.139167911898316,0,0
45,evening,15,evening,0.9543081871822403,-0.14248860255959014,0.8366699810693998,0.54949652189735,1.3230737774459544,50.651491162157086,58.783823175851474,262.15861787054354,2613.2672441977425,3.3796217719611925,4.0101189746330554,1,1
45,evening,19,morning,0.7043653945486871,0.6850138296235291,0.2275651963252245,0.5389814734991469,0.02543687653742452,44.927743617009185,52.39752004162456,296.38044190004973,2469.4756672696435,3.83864223495394,2.536043662231722,1,0
45,evening,24,evening,-0.5516833051870578,0.9535992681658357,-0.6612030333352915,-0.08642902345217118,0.556059446228746,48.3336668798933,52.16163138342568,272.6890760455247,2499.7894309791186,4.134578089227831,2.5134234065203556,0,1
45,evening,28,morning,-0.9943541289370051,0.35916654467724685,-0.9962372489848336,-0.5438082777481973,-1.2989852583046204,37.77902623211359,43.49204433900817,306.1031561866703,2284.500484394299,2.8852018452319923,1.656057242808093,0,0
45,evening,33,evening,-0.09841424972877448,-0.6850138296235296,-0.6484719755595659,-0.47730001830395663,0.697514428078551,48.36854248902957,55.45425109612024,279.61372438234343,2435.137383723191,2.7091700736687447,2.5485739934149048,0,1
46,intermediate,2,morning,-0.5420900436750139,-0.9849242516406606,0.7782841685792712,-0.24957670891213443,0.1524481218977264,52.419911059458535,49.03820014907143,300.01833040425464,2499.054788621923,2.2392602773908186,3.709653453192269,0,1
46,intermediate,6,evening,0.49671139071104126,-0.47884418481187774,0.9965797864982455,0.338148997465803,0.7282750143697118,47.97911267733385,56.74457796157455,267.17344492312856,2585.505736516348,2.6248168911992122,3.702842238424037,1,1
46,intermediate,10,morning,0.999129133092951,0.38781531982153156,0.6642332577732567,0.6837259035625798,0.7528500987073684,50.81788623233647,55.137765738084376,281.88356243012703,2512.9034694147454,3.9194242063814198,4.142855411641277,1,1
46,intermediate,15,evening,0.16242654896728653,0.9987231906824161,-0.2236230994695809,0.3125088800600406,1.2734102003781396,50.75105689547687,60.14854602998649,273.5537525807124,2645.4784783939162,3.8410121999691307,3.253243734002438,1,1
46,intermediate,19,morning,-0.8013678922246428,0.6621896685799413,-0.8344468885457264,-0.32454170406347593,-0.09076185768629878,45.4614323158052,52.17388109904523,291.1572001325875,2493.0231136608013,3.6737578046125887,2.803976609236568,0,1
46,intermediate,24,evening,-0.748703606599199,-0.3878153198215306,-0.9329300160278771,-0.6898163141495356,0.15552773866922248,47.84660485563538,52.31074505987835,279.06987517908124,2561.3769695101178,2.8506376953011894,2.5688528278428935,0,1
46,intermediate,28,morning,0.24413111092036488,-0.9624419786384939,-0.42672490979119443,-0.3816785925031078,-0.2445058897451044,44.5984154701922,47.942687644803584,287.84443649739273,2539.438449422343,1.9560252587445537,2.825611931757281,0,1
46,intermediate,33,evening,0.9991291330929509,-0.6621896685799413,0.4891626681721823,0.27536737756173063,0.7302048633061047,49.3276670077699,53.79982695547917,279.96935190633644,2398.5357705314073,2.5212258561898775,3.0521909793231843,1,1
47,morning,2,morning,0.8776870985802339,-0.8142454770843082,-0.6800008788883845,-0.2055197524641529,0.6165308519189664,50.36376594443602,53.15670910849142,291.78065609937755,2518.1083637651077,3.0171002641553226,2.852610330752343,0,1
47,morning,6,evening,0.8292980535198122,-0.05380437827389577,-0.998113508404803,-0.07420661105296215,-0.0959247717524025,48.05126264137819,46.44850200137914,281.56596047393754,2492.3773662240824,2.6441718784151997,1.6096406841537003,0,0
47,morning,10,morning,-0.11462501801430706,0.747152514786061,-0.7647365609616696,-0.04406968806330521,0.7661080475168566,49.40768209712606,53.67626305926246,273.25486900361835,2483.498656514797,3.9537364323254613,1.8292269473185845,0,1
47,morning,15,evening,-0.9959519280265918,0.9230086551399221,0.08127564380278413,0.002777456972038147,0.015341199753467157,44.740423748378035,53.191970882193374,294.11778388548623,2534.770500239994,4.173838363896675,2.6777707244011095,1,0
47,morning,19,morning,-0.5380124162765235,0.2746540015269947,0.7466179469704631,0.16108651074031144,0.7808477043338036,50.15463797552667,53.572991569300775,287.8196320539786,2612.0378060902303,3.596567836585147,3.341071502815607,1,1
47,morning,24,evening,0.7158442576183137,-0.7471525147860615,0.9749800481981025,0.3145572636767849,0.07308996348924046,46.83982796117676,49.69290745096393,277.0922671458678,2653.531570279487,2.852667835134331,4.082590634618697,1,0
47,morning,28,morning,0.9493096297040376,-0.9854883250783268,0.5522269362116018,0.1720160802791042,0.6728236875721301,49.10451280305018,50.6009944027806,279.55693640241543,2581.8193869526767,1.9300491300946687,3.865570812709887,1,1
47,morning,33,evening,-0.11462501801430726,-0.27465400152699654,-0.35878389956077,-0.24935430636735792,-0.23323363793680935,42.93688561905006,46.253774673721374,286.50093589299865,2608.952703282013,2.772798700302311,2.0348696493001377,0,0
48,intermediate,2,morning,0.9616398650256854,0.927338954335856,-0.9682955713289021,0.3068944160108798,0.6477140467642011,44.816413840534786,55.39573924941262,275.38789251924584,2533.1689281726412,4.490702210345301,1.870095061602765,1,1
48,intermediate,6,evening,0.6859771966347785,0.8707652964057685,-0.8731752377493508,0.22785575176373205,0.38579063030911104,45.214277168602976,53.997497761401654,270.14520212743525,2380.5275527167664,3.7941398918511617,2.575608291523526,1,1
48,intermediate,10,morning,-0.3304516153207061,0.15848760990713187,-0.2955977102504831,-0.15585390522135245,0.40979692273549007,45.49095928469939,51.217918307262906,291.24310109617943,2430.088625183106,3.05990040603596,2.85385425068193,0,1
48,intermediate,15,evening,-0.9913143840076043,-0.8208162951062442,0.6067111038783901,-0.40180652507848613,0.280678807750621,44.90451882810169,51.46406296998225,263.6546937746479,2482.9162026520926,2.3994514262748976,3.1816951239778675,0,1
48,intermediate,19,morning,-0.3393002259184415,-0.9583466886868676,0.9876567474243276,-0.10333005572699383,0.1717490052431049,45.903818409062005,50.16543353231746,286.2321804000146,2461.156206854104,2.134175015570105,4.171467715320024,0,1
48,intermediate,24,evening,0.8519703239900127,-0.15848760990713245,0.7004872524952316,0.46465665552603735,0.9874342302155421,47.6164536534018,55.37739086747676,280.79712585746574,2455.7368846878067,3.5024340704759562,3.752146365365144,1,1
48,intermediate,28,morning,0.8568496476876974,0.6731344794096443,0.014481289692057552,0.5148218055964665,0.8197121083468774,49.62123245574089,51.347000055090916,271.4173849753764,2533.7431865107756,3.58595384075407,3.8747075039446752,1,1
48,intermediate,33,evening,-0.3304516153207063,0.9583466886868668,-0.8060905639811038,-0.05939849687164778,0.2623483293588188,44.76258678509051,51.71230661781751,274.16408213404475,2494.9447589774636,4.055801112194247,2.2401978018216333,0,1
49,evening,2,morning,-0.275636785824074,0.9602508848954143,0.1491607859063089,0.2779249616592164,-0.023214249231692307,44.85217456010128,47.01495954651715,286.34607180536983,2568.626923444588,3.8540438556778414,3.196464636850085,1,0
49,evening,6,evening,0.7266793476881058,0.3804674564917676,0.7903118044282281,0.6324862028693672,1.5224182713616454,49.924707066327144,61.17709208410458,266.8443662389183,2655.2110660522817,3.4756050232700044,4.7373481577414545,1,1
49,evening,10,morning,0.9442763088492292,-0.48581572677191703,0.9947903212555822,0.4844169677776315,0.3797641445085641,48.08764643251341,52.52684104228626,276.9493564451772,2565.0855564103354,2.65721689068538,3.25216198320781,1,0
49,evening,15,evening,-0.1301505973365272,-0.9982895245458492,0.4939953164399224,-0.2114816018141513,0.3103699429405132,46.70174086917354,52.331819092070816,279.3176078973903,2561.8438608822416,1.5552092949509722,3.631407082028491,0,1
49,evening,19,morning,-0.9402108166417128,-0.5767144364380223,-0.24247802138753607,-0.586467758155757,-1.23231578868697,41.949335014178985,43.80947503871829,301.6394243643122,2365.1400294654213,2.6528294058392654,2.870433085725088,0,0
49,evening,24,evening,-0.5247607719963688,0.485815726771917,-0.9309175315620433,-0.3232875255954984,0.6349273027170232,48.08446306627354,54.49432249521252,270.2204869473726,2563.1465459301844,4.117566209429448,2.6399016599082272,0,1
49,evening,28,morning,0.5143879833735697,0.9862697589415261,-0.9257738804583959,0.19162795395223334,-0.2599354588948424,45.241413866030896,46.27401102904563,291.19310312001915,2489.207167925564,3.190695450396786,1.7176675484037864,1,0
49,evening,33,evening,0.9442763088492293,0.5767144364380218,-0.22902856053988677,0.4306540615824548,1.0968039312382676,49.67495582994245,53.225037196390865,273.44493778383384,2560.655041137449,3.780245015076474,2.858543488933411,1,1
50,morning,2,morning,-0.6376871530074313,-0.9526497823356446,-0.9992029805384711,-0.8631799719605157,-0.014685193160323184,47.52884889376947,50.72975881795055,287.4102102254593,2524.8206338176906,1.9583509213983201,1.9929743056950897,0,1
50,morning,6,evening,-0.9773115163802035,-0.8316987008985204,-0.695611006047393,-0.8348737411087056,-0.536473079066667,40.094552549250714,51.72454700581724,299.15044438820877,2448.378320164601,1.8697770928812125,2.0103382464819157,0,0
50,morning,10,morning,-0.2615665663096646,-0.08446153412312454,-0.007671744175550214,-0.11789994820277981,-0.03891027924373319,47.19124522098324,51.65840761976781,296.1422636392778,2546.3842339107887,2.731207774682249,3.3234406104435013,0,1
50,morning,15,evening,0.8917804141220859,0.8611029861307345,0.8101019322780166,0.8543284441769456,0.7319853270345527,49.30257646774127,51.17577954591501,282.55474491842926,2514.919448969585,4.082583253492699,4.0499057378821695,1,0
50,morning,19,morning,0.8120170332613132,0.9343959586046275,0.9908841161874702,0.912432369351137,1.1442826587105168,48.61334883535633,57.27039030788317,271.22679352172617,2611.8975064319475,4.1854635533929,3.3480795386114894,1,1
50,morning,24,evening,-0.4062167557469268,0.08446153412312464,0.4650319550933511,0.047758911156516315,-0.020722494114586876,43.46377328905401,48.40414364995041,282.4805800683685,2505.368436081483,3.4553673439446477,3.4424709987837137,1,0
50,morning,28,morning,-0.9982149955805494,-0.7263768905482972,-0.2743632813100233,-0.6663183891462899,-0.25131239728559585,44.78308570039199,49.59556514457927,289.590269058896,2428.344484887925,1.733225199399544,2.6167042327812866,0,1
50,morning,33,evening,-0.2615665663096648,-0.9343959586046275,-0.9424638272400564,-0.7128087840514495,-0.5720145331662716,42.6714853590909,48.07830122971916,291.429529157195,2497.232799730982,1.3842048300590957,2.109549690113731,0,0
